Workbook
Name N11N200: #REF!
Name N11N200: #REF!
Name N11N200: #REF!
Name TEST0: #REF!
Name TEST0: #REF!
Name TEST0: #REF!
Name TESTHKEY: #REF!
Name TESTHKEY: #REF!
Name TESTHKEY: #REF!
Name TESTKEYS: #REF!
Name TESTKEYS: #REF!
Name TESTKEYS: #REF!
Name TESTVKEY: #REF!
Name TESTVKEY: #REF!
Name TESTVKEY: #REF!

Sheet Cod Planos
A1: Plano | B1: Descrição do Plano | C1: Qtd caracter | D1: Ciclo | E1: Unid. | F1: Texto Ciclo | G1: Horiz Abertura | H1: Contador - Planos de Paradas
A2: URRST3STP001 | B2: REP PREVENT MANUT SIST-P 1P1 | C2: 29 | D2: 1 | E2: PRD | F2: PARADA | G2: 100 | I2: =IF(E2="SMS",D2,IF(E2="DIA",D2/7,IF(E2="PRD","0",0))) -> 0 | K2: Nome do campo | M2: Descrição | O2: TABELA | P2: DIA
A3: URRST3STP002 | B3: REP PREVENT MANUT SIST-P 2P1 | C3: 29 | D3: 2 | E3: PRD | F3: 2 PARADAS | G3: 100 | I3: =IF(E3="SMS",D3,IF(E3="DIA",D3/7,IF(E3="PRD","0",0))) -> 0 | K3: PIano manutenção | M3: Número que identifica um plano de manutenção. | O3: CICLO | P3: TEXTO
A4: URRST3STP003 | B4: REP PREVENT MANUT SIST-P 2P2 | C4: 29 | D4: 2 | E4: PRD | F4: 2 PARADAS | G4: 100 | I4: =IF(E4="SMS",D4,IF(E4="DIA",D4/7,IF(E4="PRD","0",0))) -> 0 | M4: Formação: X X X XXX XXX XXX | O4: 1 | P4: DIÁRIO
A5: URRST3STP004 | B5: REP PREVENT MANUT SIST-P 3P1 | C5: 29 | D5: 3 | E5: PRD | F5: 3 PARADAS | G5: 35 | I5: =IF(E5="SMS",D5,IF(E5="DIA",D5/7,IF(E5="PRD","0",0))) -> 0 | M5: 1 2 3 4 5 6 | O5: 2 | P5: 2 DIAS
A6: URRST3STP005 | B6: REP PREVENT MANUT SIST-P 3P2 | C6: 29 | D6: 3 | E6: PRD | F6: 3 PARADAS | G6: 35 | I6: =IF(E6="SMS",D6,IF(E6="DIA",D6/7,IF(E6="PRD","0",0))) -> 0 | M6: U R R ST2 STC 001 | O6: 3 | P6: 3 DIAS
A7: URRST3STP006 | B7: REP PREVENT MANUT SIST-P 3P3 | C7: 29 | D7: 3 | E7: PRD | F7: 3 PARADAS | G7: 35 | I7: =IF(E7="SMS",D7,IF(E7="DIA",D7/7,IF(E7="PRD","0",0))) -> 0 | O7: 4 | P7: 4 DIAS
A8: URRST3STP007 | B8: REP PREVENT MANUT SIST-P 6P1 | C8: 29 | D8: 6 | E8: PRD | F8: 6 PARADAS | G8: 65 | I8: =IF(E8="SMS",D8,IF(E8="DIA",D8/7,IF(E8="PRD","0",0))) -> 0 | K8: Cód. | L8: Descrição | M8: Padrão | O8: 5 | P8: 5 DIAS
A9: URRST3STP008 | B9: REP PREVENT MANUT SIST-P 6P2 | C9: 29 | D9: 6 | E9: PRD | F9: 6 PARADAS | G9: 65 | I9: =IF(E9="SMS",D9,IF(E9="DIA",D9/7,IF(E9="PRD","0",0))) -> 0 | K9: 1 | L9: Centro Produtivo | M9: C – Usiminas Cubatão
A10: URRST3STP009 | B10: REP PREVENT MANUT SIST-P 6P3 | C10: 29 | D10: 6 | E10: PRD | F10: 6 PARADAS | G10: 65 | I10: =IF(E10="SMS",D10,IF(E10="DIA",D10/7,IF(E10="PRD","0",0))) -> 0 | M10: G – Unigal
A11: URRST3STP010 | B11: REP PREVENT MANUT SIST-P 6P4 | C11: 29 | D11: 6 | E11: PRD | F11: 6 PARADAS | G11: 65 | I11: =IF(E11="SMS",D11,IF(E11="DIA",D11/7,IF(E11="PRD","0",0))) -> 0 | M11: U – Usiminas Ipatinga
A12: URRST3STP011 | B12: REP PREVENT MANUT SIST-P 6P5 | C12: 29 | D12: 6 | E12: PRD | F12: 6 PARADAS | G12: 65 | I12: =IF(E12="SMS",D12,IF(E12="DIA",D12/7,IF(E12="PRD","0",0))) -> 0 | K12: 2 | L12: Identificação do Processo | M12: R – Redução
A13: URRST3STP012 | B13: REP PREVENT MANUT SIST-P 6P6 | C13: 29 | D13: 6 | E13: PRD | F13: 6 PARADAS | G13: 65 | I13: =IF(E13="SMS",D13,IF(E13="DIA",D13/7,IF(E13="PRD","0",0))) -> 0 | M13: A – Aciaria
A14: URRST3STP013 | B14: REP PREVENT MANUT SIST-P 12P1 | C14: 30 | D14: 12 | E14: PRD | F14: 12 PARADAS | G14: 95 | I14: =IF(E14="SMS",D14,IF(E14="DIA",D14/7,IF(E14="PRD","0",0))) -> 0 | M14: Q – Laminação à Quente
A15: URRST3STP014 | B15: REP PREVENT MANUT SIST-P 12P2 | C15: 30 | D15: 12 | E15: PRD | F15: 12 PARADAS | G15: 95 | I15: =IF(E15="SMS",D15,IF(E15="DIA",D15/7,IF(E15="PRD","0",0))) -> 0 | M15: F – Laminação à Frio
A16: URRST3STP015 | B16: REP PREVENT MANUT SIST-P 12P3 | C16: 30 | D16: 12 | E16: PRD | F16: 12 PARADAS | G16: 95 | I16: =IF(E16="SMS",D16,IF(E16="DIA",D16/7,IF(E16="PRD","0",0))) -> 0 | M16: E – Energia e transporte
A17: URRST3STP016 | B17: REP PREVENT MANUT SIST-P 12P4 | C17: 30 | D17: 12 | E17: PRD | F17: 12 PARADAS | G17: 95 | I17: =IF(E17="SMS",D17,IF(E17="DIA",D17/7,IF(E17="PRD","0",0))) -> 0 | M17: I – Instrumentação e Automação
A18: URRST3STP017 | B18: REP PREVENT MANUT SIST-P 12P5 | C18: 30 | D18: 12 | E18: PRD | F18: 12 PARADAS | G18: 95 | I18: =IF(E18="SMS",D18,IF(E18="DIA",D18/7,IF(E18="PRD","0",0))) -> 0 | M18: M – Manutenção Central
A19: URRST3STP018 | B19: REP PREVENT MANUT SIST-P 12P6 | C19: 30 | D19: 12 | E19: PRD | F19: 12 PARADAS | G19: 95 | I19: =IF(E19="SMS",D19,IF(E19="DIA",D19/7,IF(E19="PRD","0",0))) -> 0 | K19: 3 | L19: Tipo de Plano | M19: I – Inspeção
A20: URRST3STP019 | B20: REP PREVENT MANUT SIST-P 12P7 | C20: 30 | D20: 12 | E20: PRD | F20: 12 PARADAS | G20: 95 | I20: =IF(E20="SMS",D20,IF(E20="DIA",D20/7,IF(E20="PRD","0",0))) -> 0 | M20: L – Lubrificação
A21: URRST3STP020 | B21: REP PREVENT MANUT SIST-P 12P8 | C21: 30 | D21: 12 | E21: PRD | F21: 12 PARADAS | G21: 95 | I21: =IF(E21="SMS",D21,IF(E21="DIA",D21/7,IF(E21="PRD","0",0))) -> 0 | M21: P – Preditiva
A22: URRST3STP021 | B22: REP PREVENT MANUT SIST-P 12P9 | C22: 30 | D22: 12 | E22: PRD | F22: 12 PARADAS | G22: 95 | I22: =IF(E22="SMS",D22,IF(E22="DIA",D22/7,IF(E22="PRD","0",0))) -> 0 | M22: E – Espoleta
A23: URRST3STP022 | B23: REP PREVENT MANUT SIST-P 12P10 | C23: 31 | D23: 12 | E23: PRD | F23: 12 PARADAS | G23: 95 | I23: =IF(E23="SMS",D23,IF(E23="DIA",D23/7,IF(E23="PRD","0",0))) -> 0 | M23: R – Reparo por Oferta
A24: URRST3STP023 | B24: REP PREVENT MANUT SIST-P 12P11 | C24: 31 | D24: 12 | E24: PRD | F24: 12 PARADAS | G24: 95 | I24: =IF(E24="SMS",D24,IF(E24="DIA",D24/7,IF(E24="PRD","0",0))) -> 0 | M24: O - Operação
A25: URRST3STP024 | B25: REP PREVENT MANUT SIST-P 12P12 | C25: 31 | D25: 12 | E25: PRD | F25: 12 PARADAS | G25: 95 | I25: =IF(E25="SMS",D25,IF(E25="DIA",D25/7,IF(E25="PRD","0",0))) -> 0
C26: =LEN(B26) -> 0 | E26: SMS | F26: =IF(E26=$L$31,VLOOKUP(D26,$K$33:$M$47,3,FALSE),IF(E26=$L$57,VLOOKUP(D26,$K$59:$L$116,2,FALSE),VLOOKUP(D26,$O$4:$P$8,2,FALSE))) -> #N/A | G26: =VLOOKUP(D26,$K$33:$N$48,4,FALSE) -> #N/A | I26: =IF(E26="SMS",D26,IF(E26="DIA",D26/7,IF(E26="PRD","0",0))) -> 0 | K26: 4 | L26: Linha Produção | M26: Linha de produção: ST2, ST3... - Sinter 2
A27: URRST3STE001 | B27: REP PREVENT MANUT SIST-E 1P1 | C27: 29 | D27: 1 | E27: PRD | F27: PARADA | G27: 100 | I27: =IF(E27="SMS",D27,IF(E27="DIA",D27/7,IF(E27="PRD","0",0))) -> 0 | K27: 5 | L27: Sub área | M27: STC - Sistema C
A28: URRST3STE002 | B28: REP PREVENT MANUT SIST-E 2P1 | C28: 29 | D28: 2 | E28: PRD | F28: 2 PARADAS | G28: 100 | I28: =IF(E28="SMS",D28,IF(E28="DIA",D28/7,IF(E28="PRD","0",0))) -> 0 | K28: 6 | L28: Numeração | M28: Ciclo: 01 a ZZ
A29: URRST3STE003 | B29: REP PREVENT MANUT SIST-E 2P2 | C29: 29 | D29: 2 | E29: PRD | F29: 2 PARADAS | G29: 100 | I29: =IF(E29="SMS",D29,IF(E29="DIA",D29/7,IF(E29="PRD","0",0))) -> 0
A30: URRST3STE004 | B30: REP PREVENT MANUT SIST-E 3P1 | C30: 29 | D30: 3 | E30: PRD | F30: 3 PARADAS | G30: 35 | I30: =IF(E30="SMS",D30,IF(E30="DIA",D30/7,IF(E30="PRD","0",0))) -> 0
A31: URRST3STE005 | B31: REP PREVENT MANUT SIST-E 3P2 | C31: 29 | D31: 3 | E31: PRD | F31: 3 PARADAS | G31: 35 | I31: =IF(E31="SMS",D31,IF(E31="DIA",D31/7,IF(E31="PRD","0",0))) -> 0 | K31: TABELA | L31: SMS | Y31: INSPEÇÃO | AA31: REPARO
A32: URRST3STE006 | B32: REP PREVENT MANUT SIST-E 3P3 | C32: 29 | D32: 3 | E32: PRD | F32: 3 PARADAS | G32: 35 | I32: =IF(E32="SMS",D32,IF(E32="DIA",D32/7,IF(E32="PRD","0",0))) -> 0 | K32: CICLO | L32: UNIDADE | M32: TEXTO DO CICLO | N32: HORIZONTE DE ABERTURA
A33: URRST3STE007 | B33: REP PREVENT MANUT SIST-E 6P1 | C33: 29 | D33: 6 | E33: PRD | F33: 6 PARADAS | G33: 65 | I33: =IF(E33="SMS",D33,IF(E33="DIA",D33/7,IF(E33="PRD","0",0))) -> 0 | K33: 1 | L33: SMS | M33: SEMANAL | N33: 100
A34: URRST3STE008 | B34: REP PREVENT MANUT SIST-E 6P2 | C34: 29 | D34: 6 | E34: PRD | F34: 6 PARADAS | G34: 65 | I34: =IF(E34="SMS",D34,IF(E34="DIA",D34/7,IF(E34="PRD","0",0))) -> 0 | K34: 2 | L34: SMS | M34: 2 SEMANAS | N34: 100
A35: URRST3STE009 | B35: REP PREVENT MANUT SIST-E 6P3 | C35: 29 | D35: 6 | E35: PRD | F35: 6 PARADAS | G35: 65 | I35: =IF(E35="SMS",D35,IF(E35="DIA",D35/7,IF(E35="PRD","0",0))) -> 0 | K35: 3 | L35: SMS | M35: 3 SEMANAS | N35: 35
A36: URRST3STE010 | B36: REP PREVENT MANUT SIST-E 6P4 | C36: 29 | D36: 6 | E36: PRD | F36: 6 PARADAS | G36: 65 | I36: =IF(E36="SMS",D36,IF(E36="DIA",D36/7,IF(E36="PRD","0",0))) -> 0 | K36: 4 | L36: SMS | M36: 4 SEMANAS = 1M | N36: 50
A37: URRST3STE011 | B37: REP PREVENT MANUT SIST-E 6P5 | C37: 29 | D37: 6 | E37: PRD | F37: 6 PARADAS | G37: 65 | I37: =IF(E37="SMS",D37,IF(E37="DIA",D37/7,IF(E37="PRD","0",0))) -> 0 | K37: 6 | L37: SMS | M37: 6 SEMANAS | N37: 65
A38: URRST3STE012 | B38: REP PREVENT MANUT SIST-E 6P6 | C38: 29 | D38: 6 | E38: PRD | F38: 6 PARADAS | G38: 65 | I38: =IF(E38="SMS",D38,IF(E38="DIA",D38/7,IF(E38="PRD","0",0))) -> 0 | K38: 9 | L38: SMS | M38: 9 SEMANAS = 2M | N38: 65
A39: URRST3STE013 | B39: REP PREVENT MANUT SIST-E 12P1 | C39: 30 | D39: 12 | E39: PRD | F39: 12 PARADAS | G39: 95 | I39: =IF(E39="SMS",D39,IF(E39="DIA",D39/7,IF(E39="PRD","0",0))) -> 0 | K39: 13 | L39: SMS | M39: TRIMESTRAL = 3M | N39: 75
A40: URRST3STE014 | B40: REP PREVENT MANUT SIST-E 12P2 | C40: 30 | D40: 12 | E40: PRD | F40: 12 PARADAS | G40: 95 | I40: =IF(E40="SMS",D40,IF(E40="DIA",D40/7,IF(E40="PRD","0",0))) -> 0 | K40: 17 | L40: SMS | M40: 17 SEMANAS = 4M | N40: 80
A41: URRST3STE015 | B41: REP PREVENT MANUT SIST-E 12P3 | C41: 30 | D41: 12 | E41: PRD | F41: 12 PARADAS | G41: 95 | I41: =IF(E41="SMS",D41,IF(E41="DIA",D41/7,IF(E41="PRD","0",0))) -> 0 | K41: 26 | L41: SMS | M41: SEMESTRAL = 26S | N41: 85
A42: URRST3STE016 | B42: REP PREVENT MANUT SIST-E 12P4 | C42: 30 | D42: 12 | E42: PRD | F42: 12 PARADAS | G42: 95 | I42: =IF(E42="SMS",D42,IF(E42="DIA",D42/7,IF(E42="PRD","0",0))) -> 0 | K42: 39 | L42: SMS | M42: 9 MESES = 36S | N42: 90
A43: URRST3STE017 | B43: REP PREVENT MANUT SIST-E 12P5 | C43: 30 | D43: 12 | E43: PRD | F43: 12 PARADAS | G43: 95 | I43: =IF(E43="SMS",D43,IF(E43="DIA",D43/7,IF(E43="PRD","0",0))) -> 0 | K43: 52 | L43: SMS | M43: ANUAL | N43: 90
A44: URRST3STE018 | B44: REP PREVENT MANUT SIST-E 12P6 | C44: 30 | D44: 12 | E44: PRD | F44: 12 PARADAS | G44: 95 | I44: =IF(E44="SMS",D44,IF(E44="DIA",D44/7,IF(E44="PRD","0",0))) -> 0 | K44: 78 | L44: SMS | M44: 148 MESES = 78S | N44: 95
... A47: URRST3STE021 | B47: REP PREVENT MANUT SIST-E 12P9 | C47: 30 | D47: 12 | E47: PRD | F47: 12 PARADAS | G47: 95 | I47: =IF(E47="SMS",D47,IF(E47="DIA",D47/7,IF(E47="PRD","0",0))) -> 0 | K47: 208 | L47: SMS | M47: 4 ANOS | N47: 98
A48: URRST3STE022 | B48: REP PREVENT MANUT SIST-E 12P10 | C48: 31 | D48: 12 | E48: PRD | F48: 12 PARADAS | G48: 95 | I48: =IF(E48="SMS",D48,IF(E48="DIA",D48/7,IF(E48="PRD","0",0))) -> 0
A49: URRST3STE023 | B49: REP PREVENT MANUT SIST-E 12P11 | C49: 31 | D49: 12 | E49: PRD | F49: 12 PARADAS | G49: 95 | I49: =IF(E49="SMS",D49,IF(E49="DIA",D49/7,IF(E49="PRD","0",0))) -> 0
A50: URRST3STE024 | B50: REP PREVENT MANUT SIST-E 12P12 | C50: 31 | D50: 12 | E50: PRD | F50: 12 PARADAS | G50: 95 | I50: =IF(E50="SMS",D50,IF(E50="DIA",D50/7,IF(E50="PRD","0",0))) -> 0 | K50: 2 | L50: SEGUNDA
C51: =LEN(B51) -> 0 | E51: SMS | F51: =IF(E51=$L$31,VLOOKUP(D51,$K$33:$M$47,3,FALSE),IF(E51=$L$57,VLOOKUP(D51,$K$59:$L$116,2,FALSE),VLOOKUP(D51,$O$4:$P$8,2,FALSE))) -> #N/A | G51: =VLOOKUP(D51,$K$33:$N$48,4,FALSE) -> #N/A | I51: =IF(E51="SMS",D51,IF(E51="DIA",D51/7,IF(E51="PRD","0",0))) -> 0 | K51: 3 | L51: TERÇA
A52: URRST3STF001 | B52: REP PREVENT MANUT SIST-F 1P1 | C52: 29 | D52: 1 | E52: PRD | F52: PARADA | G52: 100 | I52: =IF(E52="SMS",D52,IF(E52="DIA",D52/7,IF(E52="PRD","0",0))) -> 0 | K52: 4 | L52: QUARTA
A53: URRST3STF002 | B53: REP PREVENT MANUT SIST-F 2P1 | C53: 29 | D53: 2 | E53: PRD | F53: 2 PARADAS | G53: 100 | I53: =IF(E53="SMS",D53,IF(E53="DIA",D53/7,IF(E53="PRD","0",0))) -> 0 | K53: 5 | L53: QUINTA
A54: URRST3STF003 | B54: REP PREVENT MANUT SIST-F 2P2 | C54: 29 | D54: 2 | E54: PRD | F54: 2 PARADAS | G54: 100 | I54: =IF(E54="SMS",D54,IF(E54="DIA",D54/7,IF(E54="PRD","0",0))) -> 0 | K54: 6 | L54: SEXTA
A55: URRST3STF004 | B55: REP PREVENT MANUT SIST-F 3P1 | C55: 29 | D55: 3 | E55: PRD | F55: 3 PARADAS | G55: 35 | I55: =IF(E55="SMS",D55,IF(E55="DIA",D55/7,IF(E55="PRD","0",0))) -> 0
A56: URRST3STF005 | B56: REP PREVENT MANUT SIST-F 3P2 | C56: 29 | D56: 3 | E56: PRD | F56: 3 PARADAS | G56: 35 | I56: =IF(E56="SMS",D56,IF(E56="DIA",D56/7,IF(E56="PRD","0",0))) -> 0
A57: URRST3STF006 | B57: REP PREVENT MANUT SIST-F 3P3 | C57: 29 | D57: 3 | E57: PRD | F57: 3 PARADAS | G57: 35 | I57: =IF(E57="SMS",D57,IF(E57="DIA",D57/7,IF(E57="PRD","0",0))) -> 0 | K57: TABELA | L57: PRD
A58: URRST3STF007 | B58: REP PREVENT MANUT SIST-F 6P1 | C58: 29 | D58: 6 | E58: PRD | F58: 6 PARADAS | G58: 65 | I58: =IF(E58="SMS",D58,IF(E58="DIA",D58/7,IF(E58="PRD","0",0))) -> 0 | K58: PARADA | L58: TEXTO PARADA | M58: HORIZONTE DE ABERTURA
A59: URRST3STF008 | B59: REP PREVENT MANUT SIST-F 6P2 | C59: 29 | D59: 6 | E59: PRD | F59: 6 PARADAS | G59: 65 | I59: =IF(E59="SMS",D59,IF(E59="DIA",D59/7,IF(E59="PRD","0",0))) -> 0 | K59: 1 | L59: PARADA | M59: 100
A60: URRST3STF009 | B60: REP PREVENT MANUT SIST-F 6P3 | C60: 29 | D60: 6 | E60: PRD | F60: 6 PARADAS | G60: 65 | I60: =IF(E60="SMS",D60,IF(E60="DIA",D60/7,IF(E60="PRD","0",0))) -> 0 | K60: 2 | L60: 2 PARADAS | M60: 80
A61: URRST3STF010 | B61: REP PREVENT MANUT SIST-F 6P4 | C61: 29 | D61: 6 | E61: PRD | F61: 6 PARADAS | G61: 65 | I61: =IF(E61="SMS",D61,IF(E61="DIA",D61/7,IF(E61="PRD","0",0))) -> 0 | K61: 3 | L61: 3 PARADAS | M61: 80
A62: URRST3STF011 | B62: REP PREVENT MANUT SIST-F 6P5 | C62: 29 | D62: 6 | E62: PRD | F62: 6 PARADAS | G62: 65 | I62: =IF(E62="SMS",D62,IF(E62="DIA",D62/7,IF(E62="PRD","0",0))) -> 0 | K62: 4 | L62: 4 PARADAS | M62: 80
A63: URRST3STF012 | B63: REP PREVENT MANUT SIST-F 6P6 | C63: 29 | D63: 6 | E63: PRD | F63: 6 PARADAS | G63: 65 | I63: =IF(E63="SMS",D63,IF(E63="DIA",D63/7,IF(E63="PRD","0",0))) -> 0 | K63: 5 | L63: 5 PARADAS | M63: 80
A64: URRST3STF013 | B64: REP PREVENT MANUT SIST-F 12P1 | C64: 30 | D64: 12 | E64: PRD | F64: 12 PARADAS | G64: 95 | I64: =IF(E64="SMS",D64,IF(E64="DIA",D64/7,IF(E64="PRD","0",0))) -> 0 | K64: 6 | L64: 6 PARADAS | M64: 80
A65: URRST3STF014 | B65: REP PREVENT MANUT SIST-F 12P2 | C65: 30 | D65: 12 | E65: PRD | F65: 12 PARADAS | G65: 95 | I65: =IF(E65="SMS",D65,IF(E65="DIA",D65/7,IF(E65="PRD","0",0))) -> 0 | K65: 7 | L65: 7 PARADAS | M65: 80
A66: URRST3STF015 | B66: REP PREVENT MANUT SIST-F 12P3 | C66: 30 | D66: 12 | E66: PRD | F66: 12 PARADAS | G66: 95 | I66: =IF(E66="SMS",D66,IF(E66="DIA",D66/7,IF(E66="PRD","0",0))) -> 0 | K66: 8 | L66: 8 PARADAS | M66: 80
A67: URRST3STF016 | B67: REP PREVENT MANUT SIST-F 12P4 | C67: 30 | D67: 12 | E67: PRD | F67: 12 PARADAS | G67: 95 | I67: =IF(E67="SMS",D67,IF(E67="DIA",D67/7,IF(E67="PRD","0",0))) -> 0 | K67: 9 | L67: 9 PARADAS | M67: 80
A68: URRST3STF017 | B68: REP PREVENT MANUT SIST-F 12P5 | C68: 30 | D68: 12 | E68: PRD | F68: 12 PARADAS | G68: 95 | I68: =IF(E68="SMS",D68,IF(E68="DIA",D68/7,IF(E68="PRD","0",0))) -> 0 | K68: 10 | L68: 10 PARADAS | M68: 80
A69: URRST3STF018 | B69: REP PREVENT MANUT SIST-F 12P6 | C69: 30 | D69: 12 | E69: PRD | F69: 12 PARADAS | G69: 95 | I69: =IF(E69="SMS",D69,IF(E69="DIA",D69/7,IF(E69="PRD","0",0))) -> 0 | K69: 11 | L69: 11 PARADAS | M69: 80
A70: URRST3STF019 | B70: REP PREVENT MANUT SIST-F 12P7 | C70: 30 | D70: 12 | E70: PRD | F70: 12 PARADAS | G70: 95 | I70: =IF(E70="SMS",D70,IF(E70="DIA",D70/7,IF(E70="PRD","0",0))) -> 0 | K70: 12 | L70: 12 PARADAS | M70: 80
... A75: URRST3STF024 | B75: REP PREVENT MANUT SIST-F 12P12 | C75: 31 | D75: 12 | E75: PRD | F75: 12 PARADAS | G75: 95 | I75: =IF(E75="SMS",D75,IF(E75="DIA",D75/7,IF(E75="PRD","0",0))) -> 0 | K75: 17 | L75: 17 PARADAS | M75: 80
C76: =LEN(B76) -> 0 | E76: SMS | F76: =IF(E76=$L$31,VLOOKUP(D76,$K$33:$M$47,3,FALSE),IF(E76=$L$57,VLOOKUP(D76,$K$59:$L$116,2,FALSE),VLOOKUP(D76,$O$4:$P$8,2,FALSE))) -> #N/A | G76: =VLOOKUP(D76,$K$33:$N$48,4,FALSE) -> #N/A | I76: =IF(E76="SMS",D76,IF(E76="DIA",D76/7,IF(E76="PRD","0",0))) -> 0 | K76: 18 | L76: 18 PARADAS | M76: 80
A77: URRST3STD001 | B77: REP PREVENT MANUT SIST-D 1P1 | C77: 29 | D77: 1 | E77: PRD | F77: PARADA | G77: 100 | I77: =IF(E77="SMS",D77,IF(E77="DIA",D77/7,IF(E77="PRD","0",0))) -> 0 | K77: 19 | L77: 19 PARADAS | M77: 80
A78: URRST3STD002 | B78: REP PREVENT MANUT SIST-D 2P1 | C78: 29 | D78: 2 | E78: PRD | F78: 2 PARADAS | G78: 100 | I78: =IF(E78="SMS",D78,IF(E78="DIA",D78/7,IF(E78="PRD","0",0))) -> 0 | K78: 20 | L78: 20 PARADAS | M78: 80
A79: URRST3STD003 | B79: REP PREVENT MANUT SIST-D 2P2 | C79: 29 | D79: 2 | E79: PRD | F79: 2 PARADAS | G79: 100 | I79: =IF(E79="SMS",D79,IF(E79="DIA",D79/7,IF(E79="PRD","0",0))) -> 0 | K79: 21 | L79: 21 PARADAS | M79: 80
A80: URRST3STD004 | B80: REP PREVENT MANUT SIST-D 3P1 | C80: 29 | D80: 3 | E80: PRD | F80: 3 PARADAS | G80: 35 | I80: =IF(E80="SMS",D80,IF(E80="DIA",D80/7,IF(E80="PRD","0",0))) -> 0 | K80: 22 | L80: 22 PARADAS | M80: 80
A81: URRST3STD005 | B81: REP PREVENT MANUT SIST-D 3P2 | C81: 29 | D81: 3 | E81: PRD | F81: 3 PARADAS | G81: 35 | I81: =IF(E81="SMS",D81,IF(E81="DIA",D81/7,IF(E81="PRD","0",0))) -> 0 | K81: 23 | L81: 23 PARADAS | M81: 80
A82: URRST3STD006 | B82: REP PREVENT MANUT SIST-D 3P3 | C82: 29 | D82: 3 | E82: PRD | F82: 3 PARADAS | G82: 35 | I82: =IF(E82="SMS",D82,IF(E82="DIA",D82/7,IF(E82="PRD","0",0))) -> 0 | K82: 24 | L82: 24 PARADAS | M82: 80
A83: URRST3STD007 | B83: REP PREVENT MANUT SIST-D 6P1 | C83: 29 | D83: 6 | E83: PRD | F83: 6 PARADAS | G83: 65 | I83: =IF(E83="SMS",D83,IF(E83="DIA",D83/7,IF(E83="PRD","0",0))) -> 0 | K83: 25 | L83: 25 PARADAS | M83: 80
A84: URRST3STD008 | B84: REP PREVENT MANUT SIST-D 6P2 | C84: 29 | D84: 6 | E84: PRD | F84: 6 PARADAS | G84: 65 | I84: =IF(E84="SMS",D84,IF(E84="DIA",D84/7,IF(E84="PRD","0",0))) -> 0 | K84: 26 | L84: 26 PARADAS | M84: 80
A85: URRST3STD009 | B85: REP PREVENT MANUT SIST-D 6P3 | C85: 29 | D85: 6 | E85: PRD | F85: 6 PARADAS | G85: 65 | I85: =IF(E85="SMS",D85,IF(E85="DIA",D85/7,IF(E85="PRD","0",0))) -> 0 | K85: 27 | L85: 27 PARADAS | M85: 80
A86: URRST3STD010 | B86: REP PREVENT MANUT SIST-D 6P4 | C86: 29 | D86: 6 | E86: PRD | F86: 6 PARADAS | G86: 65 | I86: =IF(E86="SMS",D86,IF(E86="DIA",D86/7,IF(E86="PRD","0",0))) -> 0 | K86: 28 | L86: 28 PARADAS | M86: 80
A87: URRST3STD011 | B87: REP PREVENT MANUT SIST-D 6P5 | C87: 29 | D87: 6 | E87: PRD | F87: 6 PARADAS | G87: 65 | I87: =IF(E87="SMS",D87,IF(E87="DIA",D87/7,IF(E87="PRD","0",0))) -> 0 | K87: 29 | L87: 29 PARADAS | M87: 80
A88: URRST3STD012 | B88: REP PREVENT MANUT SIST-D 6P6 | C88: 29 | D88: 6 | E88: PRD | F88: 6 PARADAS | G88: 65 | I88: =IF(E88="SMS",D88,IF(E88="DIA",D88/7,IF(E88="PRD","0",0))) -> 0 | K88: 30 | L88: 30 PARADAS | M88: 80
... A94: URRST3STD018 | B94: REP PREVENT MANUT SIST-D 12P6 | C94: 30 | D94: 12 | E94: PRD | F94: 12 PARADAS | G94: 95 | I94: =IF(E94="SMS",D94,IF(E94="DIA",D94/7,IF(E94="PRD","0",0))) -> 0 | K94: 36 | L94: 36 PARADAS | M94: 80
A95: URRST3STD019 | B95: REP PREVENT MANUT SIST-D 12P7 | C95: 30 | D95: 12 | E95: PRD | F95: 12 PARADAS | G95: 95 | I95: =IF(E95="SMS",D95,IF(E95="DIA",D95/7,IF(E95="PRD","0",0))) -> 0 | K95: 37 | L95: =K95&" "&"PARADAS" -> 37 PARADAS | M95: 80
A96: URRST3STF020 | B96: REP PREVENT MANUT SIST-P 12P8 | C96: 30 | D96: 12 | E96: PRD | F96: 12 PARADAS | G96: 95 | H96: 568 | K96: 38 | L96: =K96&" "&"PARADAS" -> 38 PARADAS | M96: 80
A97: URRST3STF021 | B97: REP PREVENT MANUT SIST-P 12P9 | C97: 30 | D97: 12 | E97: PRD | F97: 12 PARADAS | G97: 95 | H97: 568 | K97: 39 | L97: =K97&" "&"PARADAS" -> 39 PARADAS | M97: 80
A98: URRST3STF022 | B98: REP PREVENT MANUT SIST-P 12P10 | C98: 31 | D98: 12 | E98: PRD | F98: 12 PARADAS | G98: 95 | H98: 568 | K98: 40 | L98: =K98&" "&"PARADAS" -> 40 PARADAS | M98: 80
A99: URRST3STF023 | B99: REP PREVENT MANUT SIST-P 12P11 | C99: 31 | D99: 12 | E99: PRD | F99: 12 PARADAS | G99: 95 | H99: 568 | K99: 41 | L99: =K99&" "&"PARADAS" -> 41 PARADAS | M99: 80
A100: URRST3STF024 | B100: REP PREVENT MANUT SIST-P 12P12 | C100: 31 | D100: 12 | E100: PRD | F100: 12 PARADAS | G100: 95 | H100: 568 | K100: 42 | L100: =K100&" "&"PARADAS" -> 42 PARADAS | M100: 80
K101: 43 | L101: =K101&" "&"PARADAS" -> 43 PARADAS | M101: 80
K102: 44 | L102: =K102&" "&"PARADAS" -> 44 PARADAS | M102: 80
K103: 45 | L103: =K103&" "&"PARADAS" -> 45 PARADAS | M103: 80
K104: 46 | L104: =K104&" "&"PARADAS" -> 46 PARADAS | M104: 80
K105: 47 | L105: =K105&" "&"PARADAS" -> 47 PARADAS | M105: 80
K106: 48 | L106: =K106&" "&"PARADAS" -> 48 PARADAS | M106: 80
K107: 49 | L107: =K107&" "&"PARADAS" -> 49 PARADAS | M107: 80
K108: 50 | L108: =K108&" "&"PARADAS" -> 50 PARADAS | M108: 80
K109: 51 | L109: =K109&" "&"PARADAS" -> 51 PARADAS | M109: 80
K110: 52 | L110: =K110&" "&"PARADAS" -> 52 PARADAS | M110: 80
K111: 53 | L111: =K111&" "&"PARADAS" -> 53 PARADAS | M111: 80
...

Sheet ITENS
A1: Local de Instalação | B1: GPM | C1: CENTRO DE TRABALHO | D1: CONDIÇÃO | E1: PRIORIDADE | F1: PLANO REPARO | G1: Identificador | H1: CONTADOR | I1: DESCRIÇÃO ITEM | J1: QTD CARACTERES | K1: Descrição do Plano | L1: Ciclo | M1: unid. | N1: Texto Ciclo | O1: Horiz Abertura | P1: t(H) | Q1: Itens
R2: Criticidade PROVISÓRIA | XEY2: CICLO DE UMA PARADA | XEZ2: 3X CICLO DE UMA PARADA
A5: US01-RD-SINT3-SISTP-PRODU-GNMS3-SCT | B5: 041 | C5: R55E-041 | D5: P | E5: 0 | F5: URRST3STP001 | G5: 1 | I5: CAVALETE GN LIMPEZA PREV ELÉTRICA | J5: =LEN(I5) -> 33 | K5: =VLOOKUP(F5,'Cod Planos'!$A:$G,2,FALSE) -> REP PREVENT MANUT SIST-P 1P1 | L5: =VLOOKUP(F5,'Cod Planos'!$A:$G,4,FALSE) -> 1 | M5: =VLOOKUP(F5,'Cod Planos'!$A:$G,5,FALSE) -> PRD | N5: =VLOOKUP(F5,'Cod Planos'!$A:$G,6,FALSE) -> PARADA | O5: =VLOOKUP(F5,'Cod Planos'!$A:$G,7,FALSE) -> 100 | P5: 1 | Q5: =I5 -> CAVALETE GN LIMPEZA PREV ELÉTRICA | R5: CR01
A6: US01-RD-SINT3-SISTP-ARMAZ-TRMIS-SCT | B6: 041 | C6: R55E-041 | D6: P | E6: 0 | F6: URRST3STP004 | G6: 2 | I6: COMPORTA TREMONHA PREV ELÉTRICA | J6: =LEN(I6) -> 31 | K6: =VLOOKUP(F6,'Cod Planos'!$A:$G,2,FALSE) -> REP PREVENT MANUT SIST-P 3P1 | L6: =VLOOKUP(F6,'Cod Planos'!$A:$G,4,FALSE) -> 3 | M6: =VLOOKUP(F6,'Cod Planos'!$A:$G,5,FALSE) -> PRD | N6: =VLOOKUP(F6,'Cod Planos'!$A:$G,6,FALSE) -> 3 PARADAS | O6: =VLOOKUP(F6,'Cod Planos'!$A:$G,7,FALSE) -> 35 | P6: 2 | Q6: =I6 -> COMPORTA TREMONHA PREV ELÉTRICA | R6: CR01
A7: US01-RD-SINT3-SISTP-ARMAZ-TRMIS-SCT | B7: 041 | C7: R55E-041 | D7: P | E7: 0 | F7: URRST3STP001 | G7: 3 | I7: COMPORTA TREM LIMPEZA PREV ELÉTRICA | J7: =LEN(I7) -> 35 | K7: =VLOOKUP(F7,'Cod Planos'!$A:$G,2,FALSE) -> REP PREVENT MANUT SIST-P 1P1 | L7: =VLOOKUP(F7,'Cod Planos'!$A:$G,4,FALSE) -> 1 | M7: =VLOOKUP(F7,'Cod Planos'!$A:$G,5,FALSE) -> PRD | N7: =VLOOKUP(F7,'Cod Planos'!$A:$G,6,FALSE) -> PARADA | O7: =VLOOKUP(F7,'Cod Planos'!$A:$G,7,FALSE) -> 100 | P7: 1 | Q7: =I7 -> COMPORTA TREM LIMPEZA PREV ELÉTRICA | R7: CR01
A8: 10380837 | B8: 041 | C8: R55E-041 | D8: P | E8: 0 | F8: URRST3STP007 | G8: 4 | I8: COMPORTA TREMONHA MOTOR ELÉTRICO | J8: =LEN(I8) -> 32 | K8: =VLOOKUP(F8,'Cod Planos'!$A:$G,2,FALSE) -> REP PREVENT MANUT SIST-P 6P1 | L8: =VLOOKUP(F8,'Cod Planos'!$A:$G,4,FALSE) -> 6 | M8: =VLOOKUP(F8,'Cod Planos'!$A:$G,5,FALSE) -> PRD | N8: =VLOOKUP(F8,'Cod Planos'!$A:$G,6,FALSE) -> 6 PARADAS | O8: =VLOOKUP(F8,'Cod Planos'!$A:$G,7,FALSE) -> 65 | P8: 2 | Q8: =I8 -> COMPORTA TREMONHA MOTOR ELÉTRICO | R8: CR01
A9: 10384772 | B9: 041 | C9: R55E-041 | D9: P | E9: 0 | F9: URRST3STP004 | G9: 5 | I9: DETECTOR CAMADAS PREV ELÉTRICA | J9: =LEN(I9) -> 30 | K9: =VLOOKUP(F9,'Cod Planos'!$A:$G,2,FALSE) -> REP PREVENT MANUT SIST-P 3P1 | L9: =VLOOKUP(F9,'Cod Planos'!$A:$G,4,FALSE) -> 3 | M9: =VLOOKUP(F9,'Cod Planos'!$A:$G,5,FALSE) -> PRD | N9: =VLOOKUP(F9,'Cod Planos'!$A:$G,6,FALSE) -> 3 PARADAS | O9: =VLOOKUP(F9,'Cod Planos'!$A:$G,7,FALSE) -> 35 | P9: 4 | Q9: =I9 -> DETECTOR CAMADAS PREV ELÉTRICA | R9: CR01
A10: US01-RD-SINT3-SISTP-PREPA-R_ALI-SCT | B10: 041 | C10: R55E-041 | D10: P | E10: 0 | F10: URRST3STP004 | G10: 6 | I10: ROLO ALIMENT PREVENTIVA ELÉTRICA | J10: =LEN(I10) -> 32 | K10: =VLOOKUP(F10,'Cod Planos'!$A:$G,2,FALSE) -> REP PREVENT MANUT SIST-P 3P1 | L10: =VLOOKUP(F10,'Cod Planos'!$A:$G,4,FALSE) -> 3 | M10: =VLOOKUP(F10,'Cod Planos'!$A:$G,5,FALSE) -> PRD | N10: =VLOOKUP(F10,'Cod Planos'!$A:$G,6,FALSE) -> 3 PARADAS | O10: =VLOOKUP(F10,'Cod Planos'!$A:$G,7,FALSE) -> 35 | P10: 2 | Q10: =I10 -> ROLO ALIMENT PREVENTIVA ELÉTRICA | R10: CR01
A11: 10380863 | B11: 041 | C11: R55E-041 | D11: P | E11: 0 | F11: URRST3STP007 | G11: 7 | I11: ROLO ALIMENTADOR MOTOR ACIONAMENTO | J11: =LEN(I11) -> 34 | K11: =VLOOKUP(F11,'Cod Planos'!$A:$G,2,FALSE) -> REP PREVENT MANUT SIST-P 6P1 | L11: =VLOOKUP(F11,'Cod Planos'!$A:$G,4,FALSE) -> 6 | M11: =VLOOKUP(F11,'Cod Planos'!$A:$G,5,FALSE) -> PRD | N11: =VLOOKUP(F11,'Cod Planos'!$A:$G,6,FALSE) -> 6 PARADAS | O11: =VLOOKUP(F11,'Cod Planos'!$A:$G,7,FALSE) -> 65 | P11: 2 | Q11: =I11 -> ROLO ALIMENTADOR MOTOR ACIONAMENTO | R11: CR01
A12: US01-RD-SINT3-SISTP-PREPA-R_ALI-SCT | B12: 041 | C12: R55E-041 | D12: P | E12: 0 | F12: URRST3STP001 | G12: 8 | I12: ROLO ALIMENTADOR LIMPEZA PREV ELÉT | J12: =LEN(I12) -> 34 | K12: =VLOOKUP(F12,'Cod Planos'!$A:$G,2,FALSE) -> REP PREVENT MANUT SIST-P 1P1 | L12: =VLOOKUP(F12,'Cod Planos'!$A:$G,4,FALSE) -> 1 | M12: =VLOOKUP(F12,'Cod Planos'!$A:$G,5,FALSE) -> PRD | N12: =VLOOKUP(F12,'Cod Planos'!$A:$G,6,FALSE) -> PARADA | O12: =VLOOKUP(F12,'Cod Planos'!$A:$G,7,FALSE) -> 100 | P12: 1 | Q12: =I12 -> ROLO ALIMENTADOR LIMPEZA PREV ELÉT | R12: CR01
A13: 10384715 | B13: 041 | C13: R55E-041 | D13: P | E13: 0 | F13: URRST3STP004 | G13: 9 | I13: MONOVIA ISF PREVENTIVA ELÉTRICA | J13: =LEN(I13) -> 31 | K13: =VLOOKUP(F13,'Cod Planos'!$A:$G,2,FALSE) -> REP PREVENT MANUT SIST-P 3P1 | L13: =VLOOKUP(F13,'Cod Planos'!$A:$G,4,FALSE) -> 3 | M13: =VLOOKUP(F13,'Cod Planos'!$A:$G,5,FALSE) -> PRD | N13: =VLOOKUP(F13,'Cod Planos'!$A:$G,6,FALSE) -> 3 PARADAS | O13: =VLOOKUP(F13,'Cod Planos'!$A:$G,7,FALSE) -> 35 | P13: 4 | Q13: =I13 -> MONOVIA ISF PREVENTIVA ELÉTRICA | R13: CR01
A14: 10384774 | B14: 041 | C14: R55E-041 | D14: P | E14: 0 | F14: URRST3STP004 | G14: 10 | I14: MONOVIA 1 CAIXA VENTO PREV ELÉTRICA | J14: =LEN(I14) -> 35 | K14: =VLOOKUP(F14,'Cod Planos'!$A:$G,2,FALSE) -> REP PREVENT MANUT SIST-P 3P1 | L14: =VLOOKUP(F14,'Cod Planos'!$A:$G,4,FALSE) -> 3 | M14: =VLOOKUP(F14,'Cod Planos'!$A:$G,5,FALSE) -> PRD | N14: =VLOOKUP(F14,'Cod Planos'!$A:$G,6,FALSE) -> 3 PARADAS | O14: =VLOOKUP(F14,'Cod Planos'!$A:$G,7,FALSE) -> 35 | P14: 4 | Q14: =I14 -> MONOVIA 1 CAIXA VENTO PREV ELÉTRICA | R14: CR01
A15: 10384775 | B15: 041 | C15: R55E-041 | D15: P | E15: 0 | F15: URRST3STP004 | G15: 11 | I15: MONOVIA 2 CAIXA VENT PREV ELÉTRICA | J15: =LEN(I15) -> 34 | K15: =VLOOKUP(F15,'Cod Planos'!$A:$G,2,FALSE) -> REP PREVENT MANUT SIST-P 3P1 | L15: =VLOOKUP(F15,'Cod Planos'!$A:$G,4,FALSE) -> 3 | M15: =VLOOKUP(F15,'Cod Planos'!$A:$G,5,FALSE) -> PRD | N15: =VLOOKUP(F15,'Cod Planos'!$A:$G,6,FALSE) -> 3 PARADAS | O15: =VLOOKUP(F15,'Cod Planos'!$A:$G,7,FALSE) -> 35 | P15: 4 | Q15: =I15 -> MONOVIA 2 CAIXA VENT PREV ELÉTRICA | R15: CR01
A16: US01-RD-SINT3-SISTP-PRODU-ESTEI-SCT | B16: 041 | C16: R55E-041 | D16: P | E16: 0 | F16: URRST3STP004 | G16: 12 | I16: ESTEIRA MS3 PREVENTIVA ELÉTRICA | J16: =LEN(I16) -> 31 | K16: =VLOOKUP(F16,'Cod Planos'!$A:$G,2,FALSE) -> REP PREVENT MANUT SIST-P 3P1 | L16: =VLOOKUP(F16,'Cod Planos'!$A:$G,4,FALSE) -> 3 | M16: =VLOOKUP(F16,'Cod Planos'!$A:$G,5,FALSE) -> PRD | N16: =VLOOKUP(F16,'Cod Planos'!$A:$G,6,FALSE) -> 3 PARADAS | O16: =VLOOKUP(F16,'Cod Planos'!$A:$G,7,FALSE) -> 35 | P16: 2 | Q16: =I16 -> ESTEIRA MS3 PREVENTIVA ELÉTRICA | R16: CR01
A17: 10380906 | B17: 041 | C17: R55E-041 | D17: P | E17: 0 | F17: URRST3STP007 | G17: 13 | I17: ESTEIRA MS3 PREVENTIVA MOTOR | J17: =LEN(I17) -> 28 | K17: =VLOOKUP(F17,'Cod Planos'!$A:$G,2,FALSE) -> REP PREVENT MANUT SIST-P 6P1 | L17: =VLOOKUP(F17,'Cod Planos'!$A:$G,4,FALSE) -> 6 | M17: =VLOOKUP(F17,'Cod Planos'!$A:$G,5,FALSE) -> PRD | N17: =VLOOKUP(F17,'Cod Planos'!$A:$G,6,FALSE) -> 6 PARADAS | O17: =VLOOKUP(F17,'Cod Planos'!$A:$G,7,FALSE) -> 65 | P17: 2 | Q17: =I17 -> ESTEIRA MS3 PREVENTIVA MOTOR | R17: CR01
A18: US01-RD-SINT3-SISTP-PRODU-ESTEI-SCT | B18: 041 | C18: R55E-041 | D18: P | E18: 0 | F18: URRST3STP001 | G18: 14 | I18: ESTEIRA MS3 LIMPEZA PREV ELÉTRICA | J18: =LEN(I18) -> 33 | K18: =VLOOKUP(F18,'Cod Planos'!$A:$G,2,FALSE) -> REP PREVENT MANUT SIST-P 1P1 | L18: =VLOOKUP(F18,'Cod Planos'!$A:$G,4,FALSE) -> 1 | M18: =VLOOKUP(F18,'Cod Planos'!$A:$G,5,FALSE) -> PRD | N18: =VLOOKUP(F18,'Cod Planos'!$A:$G,6,FALSE) -> PARADA | O18: =VLOOKUP(F18,'Cod Planos'!$A:$G,7,FALSE) -> 100 | P18: 1 | Q18: =I18 -> ESTEIRA MS3 LIMPEZA PREV ELÉTRICA | R18: CR01
A19: US01-RD-SINT3-SISTP-PRODU-ESTEI-SLB | B19: 041 | C19: R55E-041 | D19: P | E19: 0 | F19: URRST3STP001 | G19: 15 | I19: SIST LUB EST/BRIT LIMPEZ PREV ELÉTR | J19: =LEN(I19) -> 35 | K19: =VLOOKUP(F19,'Cod Planos'!$A:$G,2,FALSE) -> REP PREVENT MANUT SIST-P 1P1 | L19: =VLOOKUP(F19,'Cod Planos'!$A:$G,4,FALSE) -> 1 | M19: =VLOOKUP(F19,'Cod Planos'!$A:$G,5,FALSE) -> PRD | N19: =VLOOKUP(F19,'Cod Planos'!$A:$G,6,FALSE) -> PARADA | O19: =VLOOKUP(F19,'Cod Planos'!$A:$G,7,FALSE) -> 100 | P19: 1 | Q19: =I19 -> SIST LUB EST/BRIT LIMPEZ PREV ELÉTR | R19: CR01
A20: US01-RD-SINT3-SISTP-PRODU-ESTEI-SLB | B20: 041 | C20: R55E-041 | D20: P | E20: 0 | F20: URRST3STP007 | G20: 16 | I20: SIST LUB EST/BRIT PREVENT MOTOR | J20: =LEN(I20) -> 31 | K20: =VLOOKUP(F20,'Cod Planos'!$A:$G,2,FALSE) -> REP PREVENT MANUT SIST-P 6P1 | L20: =VLOOKUP(F20,'Cod Planos'!$A:$G,4,FALSE) -> 6 | M20: =VLOOKUP(F20,'Cod Planos'!$A:$G,5,FALSE) -> PRD | N20: =VLOOKUP(F20,'Cod Planos'!$A:$G,6,FALSE) -> 6 PARADAS | O20: =VLOOKUP(F20,'Cod Planos'!$A:$G,7,FALSE) -> 65 | P20: 2 | Q20: =I20 -> SIST LUB EST/BRIT PREVENT MOTOR | R20: CR01
A21: US01-RD-SINT3-SISTP-PRODU-BR_PR-SCT | B21: 041 | C21: R55E-041 | D21: P | E21: 0 | F21: URRST3STP001 | G21: 17 | I21: BRITADOR PRIMÁRIO LIMPEZ PREV ELÉTR | J21: =LEN(I21) -> 35 | K21: =VLOOKUP(F21,'Cod Planos'!$A:$G,2,FALSE) -> REP PREVENT MANUT SIST-P 1P1 | L21: =VLOOKUP(F21,'Cod Planos'!$A:$G,4,FALSE) -> 1 | M21: =VLOOKUP(F21,'Cod Planos'!$A:$G,5,FALSE) -> PRD | N21: =VLOOKUP(F21,'Cod Planos'!$A:$G,6,FALSE) -> PARADA | O21: =VLOOKUP(F21,'Cod Planos'!$A:$G,7,FALSE) -> 100 | P21: 1 | Q21: =I21 -> BRITADOR PRIMÁRIO LIMPEZ PREV ELÉTR | R21: CR01
A22: 10380872 | B22: 041 | C22: R55E-041 | D22: P | E22: 0 | F22: URRST3STP007 | G22: 18 | I22: BRITADOR PRIMÁRIO PREVENT MOTOR | J22: =LEN(I22) -> 31 | K22: =VLOOKUP(F22,'Cod Planos'!$A:$G,2,FALSE) -> REP PREVENT MANUT SIST-P 6P1 | L22: =VLOOKUP(F22,'Cod Planos'!$A:$G,4,FALSE) -> 6 | M22: =VLOOKUP(F22,'Cod Planos'!$A:$G,5,FALSE) -> PRD | N22: =VLOOKUP(F22,'Cod Planos'!$A:$G,6,FALSE) -> 6 PARADAS | O22: =VLOOKUP(F22,'Cod Planos'!$A:$G,7,FALSE) -> 65 | P22: 2 | Q22: =I22 -> BRITADOR PRIMÁRIO PREVENT MOTOR | R22: CR01
A23: US01-RD-SINT3-SISTP-PRODU-BR_PR-SCT | B23: 041 | C23: R55E-041 | D23: P | E23: 0 | F23: URRST3STP004 | G23: 19 | I23: BRITADOR PRIMÁRIO PREVENT ELÉTRICA | J23: =LEN(I23) -> 34 | K23: =VLOOKUP(F23,'Cod Planos'!$A:$G,2,FALSE) -> REP PREVENT MANUT SIST-P 3P1 | L23: =VLOOKUP(F23,'Cod Planos'!$A:$G,4,FALSE) -> 3 | M23: =VLOOKUP(F23,'Cod Planos'!$A:$G,5,FALSE) -> PRD | N23: =VLOOKUP(F23,'Cod Planos'!$A:$G,6,FALSE) -> 3 PARADAS | O23: =VLOOKUP(F23,'Cod Planos'!$A:$G,7,FALSE) -> 35 | P23: 2 | Q23: =I23 -> BRITADOR PRIMÁRIO PREVENT ELÉTRICA | R23: CR01
A24: 10384731 | B24: 041 | C24: R55E-041 | D24: P | E24: 0 | F24: URRST3STP004 | G24: 20 | I24: MONOVIA INT BR-PRIM PREVEN ELÉTRICA | J24: =LEN(I24) -> 35 | K24: =VLOOKUP(F24,'Cod Planos'!$A:$G,2,FALSE) -> REP PREVENT MANUT SIST-P 3P1 | L24: =VLOOKUP(F24,'Cod Planos'!$A:$G,4,FALSE) -> 3 | M24: =VLOOKUP(F24,'Cod Planos'!$A:$G,5,FALSE) -> PRD | N24: =VLOOKUP(F24,'Cod Planos'!$A:$G,6,FALSE) -> 3 PARADAS | O24: =VLOOKUP(F24,'Cod Planos'!$A:$G,7,FALSE) -> 35 | P24: 4 | Q24: =I24 -> MONOVIA INT BR-PRIM PREVEN ELÉTRICA | R24: CR01
A25: 10384732 | B25: 041 | C25: R55E-041 | D25: P | E25: 0 | F25: URRST3STP005 | G25: 21 | I25: MONOVIA EXT BR-PRIM PREVEN ELÉTRICA | J25: =LEN(I25) -> 35 | K25: =VLOOKUP(F25,'Cod Planos'!$A:$G,2,FALSE) -> REP PREVENT MANUT SIST-P 3P2 | L25: =VLOOKUP(F25,'Cod Planos'!$A:$G,4,FALSE) -> 3 | M25: =VLOOKUP(F25,'Cod Planos'!$A:$G,5,FALSE) -> PRD | N25: =VLOOKUP(F25,'Cod Planos'!$A:$G,6,FALSE) -> 3 PARADAS | O25: =VLOOKUP(F25,'Cod Planos'!$A:$G,7,FALSE) -> 35 | P25: 4 | Q25: =I25 -> MONOVIA EXT BR-PRIM PREVEN ELÉTRICA | R25: CR01
A26: US01-RD-SINT3-SISTP-PRODU-PVQ01-SCT | B26: 041 | C26: R55E-041 | D26: P | E26: 0 | F26: URRST3STP001 | G26: 22 | I26: PENEIRA PVQ1 LIMPEZ PREV ELÉTR | J26: =LEN(I26) -> 31 | K26: =VLOOKUP(F26,'Cod Planos'!$A:$G,2,FALSE) -> REP PREVENT MANUT SIST-P 1P1 | L26: =VLOOKUP(F26,'Cod Planos'!$A:$G,4,FALSE) -> 1 | M26: =VLOOKUP(F26,'Cod Planos'!$A:$G,5,FALSE) -> PRD | N26: =VLOOKUP(F26,'Cod Planos'!$A:$G,6,FALSE) -> PARADA | O26: =VLOOKUP(F26,'Cod Planos'!$A:$G,7,FALSE) -> 100 | P26: 1 | Q26: =I26 -> PENEIRA PVQ1 LIMPEZ PREV ELÉTR | R26: CR01
A27: US01-RD-SINT3-SISTP-PRODU-PVQ01-SAC | B27: 041 | C27: R55E-041 | D27: P | E27: 0 | F27: URRST3STP007 | G27: 23 | I27: PENEIRA PVQ1 PREVENT MOTOR | J27: =LEN(I27) -> 26 | K27: =VLOOKUP(F27,'Cod Planos'!$A:$G,2,FALSE) -> REP PREVENT MANUT SIST-P 6P1 | L27: =VLOOKUP(F27,'Cod Planos'!$A:$G,4,FALSE) -> 6 | M27: =VLOOKUP(F27,'Cod Planos'!$A:$G,5,FALSE) -> PRD | N27: =VLOOKUP(F27,'Cod Planos'!$A:$G,6,FALSE) -> 6 PARADAS | O27: =VLOOKUP(F27,'Cod Planos'!$A:$G,7,FALSE) -> 65 | P27: 4 | Q27: =I27 -> PENEIRA PVQ1 PREVENT MOTOR | R27: CR01
A28: US01-RD-SINT3-SISTP-PRODU-PVQ01-SCT | B28: 041 | C28: R55E-041 | D28: P | E28: 0 | F28: URRST3STP005 | G28: 24 | I28: PENEIRA PVQ1 PREVENT ELÉTRICA | J28: =LEN(I28) -> 29 | K28: =VLOOKUP(F28,'Cod Planos'!$A:$G,2,FALSE) -> REP PREVENT MANUT SIST-P 3P2 | L28: =VLOOKUP(F28,'Cod Planos'!$A:$G,4,FALSE) -> 3 | M28: =VLOOKUP(F28,'Cod Planos'!$A:$G,5,FALSE) -> PRD | N28: =VLOOKUP(F28,'Cod Planos'!$A:$G,6,FALSE) -> 3 PARADAS | O28: =VLOOKUP(F28,'Cod Planos'!$A:$G,7,FALSE) -> 35 | P28: 2 | Q28: =I28 -> PENEIRA PVQ1 PREVENT ELÉTRICA | R28: CR01
A29: 10384734 | B29: 041 | C29: R55E-041 | D29: P | E29: 0 | F29: URRST3STP005 | G29: 25 | I29: MONOVIA PVQ1 PREVENTIVA ELÉTRICA | J29: =LEN(I29) -> 32 | K29: =VLOOKUP(F29,'Cod Planos'!$A:$G,2,FALSE) -> REP PREVENT MANUT SIST-P 3P2 | L29: =VLOOKUP(F29,'Cod Planos'!$A:$G,4,FALSE) -> 3 | M29: =VLOOKUP(F29,'Cod Planos'!$A:$G,5,FALSE) -> PRD | N29: =VLOOKUP(F29,'Cod Planos'!$A:$G,6,FALSE) -> 3 PARADAS | O29: =VLOOKUP(F29,'Cod Planos'!$A:$G,7,FALSE) -> 35 | P29: 2 | Q29: =I29 -> MONOVIA PVQ1 PREVENTIVA ELÉTRICA | R29: CR01
A30: US01-RD-SINT3-SISTP-PRODU-PVQ02-SCT | B30: 041 | C30: R55E-041 | D30: P | E30: 0 | F30: URRST3STP001 | G30: 26 | I30: PENEIRA PVQ2 LIMPEZ PREV ELÉTR | J30: =LEN(I30) -> 31 | K30: =VLOOKUP(F30,'Cod Planos'!$A:$G,2,FALSE) -> REP PREVENT MANUT SIST-P 1P1 | L30: =VLOOKUP(F30,'Cod Planos'!$A:$G,4,FALSE) -> 1 | M30: =VLOOKUP(F30,'Cod Planos'!$A:$G,5,FALSE) -> PRD | N30: =VLOOKUP(F30,'Cod Planos'!$A:$G,6,FALSE) -> PARADA | O30: =VLOOKUP(F30,'Cod Planos'!$A:$G,7,FALSE) -> 100 | P30: 1 | Q30: =I30 -> PENEIRA PVQ2 LIMPEZ PREV ELÉTR | R30: CR01
A31: US01-RD-SINT3-SISTP-PRODU-PVQ02-SAC | B31: 041 | C31: R55E-041 | D31: P | E31: 0 | F31: URRST3STP008 | G31: 27 | I31: PENEIRA PVQ2 PREVENT MOTOR | J31: =LEN(I31) -> 26 | K31: =VLOOKUP(F31,'Cod Planos'!$A:$G,2,FALSE) -> REP PREVENT MANUT SIST-P 6P2 | L31: =VLOOKUP(F31,'Cod Planos'!$A:$G,4,FALSE) -> 6 | M31: =VLOOKUP(F31,'Cod Planos'!$A:$G,5,FALSE) -> PRD | N31: =VLOOKUP(F31,'Cod Planos'!$A:$G,6,FALSE) -> 6 PARADAS | O31: =VLOOKUP(F31,'Cod Planos'!$A:$G,7,FALSE) -> 65 | P31: 4 | Q31: =I31 -> PENEIRA PVQ2 PREVENT MOTOR | R31: CR01
A32: US01-RD-SINT3-SISTP-PRODU-PVQ02-SCT | B32: 041 | C32: R55E-041 | D32: P | E32: 0 | F32: URRST3STP005 | G32: 28 | I32: PENEIRA PVQ2 PREVENT ELÉTRICA | J32: =LEN(I32) -> 29 | K32: =VLOOKUP(F32,'Cod Planos'!$A:$G,2,FALSE) -> REP PREVENT MANUT SIST-P 3P2 | L32: =VLOOKUP(F32,'Cod Planos'!$A:$G,4,FALSE) -> 3 | M32: =VLOOKUP(F32,'Cod Planos'!$A:$G,5,FALSE) -> PRD | N32: =VLOOKUP(F32,'Cod Planos'!$A:$G,6,FALSE) -> 3 PARADAS | O32: =VLOOKUP(F32,'Cod Planos'!$A:$G,7,FALSE) -> 35 | P32: 2 | Q32: =I32 -> PENEIRA PVQ2 PREVENT ELÉTRICA | R32: CR01
A33: 10384736 | B33: 041 | C33: R55E-041 | D33: P | E33: 0 | F33: URRST3STP005 | G33: 29 | I33: MONOVIA PVQ2 PREVENTIVA ELÉTRICA | J33: =LEN(I33) -> 32 | K33: =VLOOKUP(F33,'Cod Planos'!$A:$G,2,FALSE) -> REP PREVENT MANUT SIST-P 3P2 | L33: =VLOOKUP(F33,'Cod Planos'!$A:$G,4,FALSE) -> 3 | M33: =VLOOKUP(F33,'Cod Planos'!$A:$G,5,FALSE) -> PRD | N33: =VLOOKUP(F33,'Cod Planos'!$A:$G,6,FALSE) -> 3 PARADAS | O33: =VLOOKUP(F33,'Cod Planos'!$A:$G,7,FALSE) -> 35 | P33: 4 | Q33: =I33 -> MONOVIA PVQ2 PREVENTIVA ELÉTRICA | R33: CR01
A34: US01-RD-SINT3-SISTP-PRODU-C_SED-SCT | B34: 041 | C34: R55E-041 | D34: P | E34: 0 | F34: URRST3STP005 | G34: 30 | I34: CÂMARAS SEDMENT PREVENTIVA ELÉTRICA | J34: =LEN(I34) -> 35 | K34: =VLOOKUP(F34,'Cod Planos'!$A:$G,2,FALSE) -> REP PREVENT MANUT SIST-P 3P2 | L34: =VLOOKUP(F34,'Cod Planos'!$A:$G,4,FALSE) -> 3 | M34: =VLOOKUP(F34,'Cod Planos'!$A:$G,5,FALSE) -> PRD | N34: =VLOOKUP(F34,'Cod Planos'!$A:$G,6,FALSE) -> 3 PARADAS | O34: =VLOOKUP(F34,'Cod Planos'!$A:$G,7,FALSE) -> 35 | P34: 3 | Q34: =I34 -> CÂMARAS SEDMENT PREVENTIVA ELÉTRICA | R34: CR01
A35: US01-RD-SINT3-SISTP-PRODU-BR_PR-SRF | B35: 041 | C35: R55E-041 | D35: P | E35: 0 | F35: URRST3STP001 | G35: 31 | I35: BOMB REF BRIT/FOR LIMPEZ PREV ELÉTR | J35: =LEN(I35) -> 35 | K35: =VLOOKUP(F35,'Cod Planos'!$A:$G,2,FALSE) -> REP PREVENT MANUT SIST-P 1P1 | L35: =VLOOKUP(F35,'Cod Planos'!$A:$G,4,FALSE) -> 1 | M35: =VLOOKUP(F35,'Cod Planos'!$A:$G,5,FALSE) -> PRD | N35: =VLOOKUP(F35,'Cod Planos'!$A:$G,6,FALSE) -> PARADA | O35: =VLOOKUP(F35,'Cod Planos'!$A:$G,7,FALSE) -> 100 | P35: 1 | Q35: =I35 -> BOMB REF BRIT/FOR LIMPEZ PREV ELÉTR | R35: CR01
A36: US01-RD-SINT3-SISTP-PRODU-BR_PR-SRF | B36: 041 | C36: R55E-041 | D36: P | E36: 0 | F36: URRST3STP008 | G36: 32 | I36: BOMBAS REF BRIT/FOR PREVENT MOTOR | J36: =LEN(I36) -> 33 | K36: =VLOOKUP(F36,'Cod Planos'!$A:$G,2,FALSE) -> REP PREVENT MANUT SIST-P 6P2 | L36: =VLOOKUP(F36,'Cod Planos'!$A:$G,4,FALSE) -> 6 | M36: =VLOOKUP(F36,'Cod Planos'!$A:$G,5,FALSE) -> PRD | N36: =VLOOKUP(F36,'Cod Planos'!$A:$G,6,FALSE) -> 6 PARADAS | O36: =VLOOKUP(F36,'Cod Planos'!$A:$G,7,FALSE) -> 65 | P36: 4 | Q36: =I36 -> BOMBAS REF BRIT/FOR PREVENT MOTOR | R36: CR01
A37: US01-RD-SINT3-SISTP-PREPA-FORNO-SCB | B37: 041 | C37: R55E-041 | D37: P | E37: 0 | F37: URRST3STP001 | G37: 33 | I37: SOPRAD FORNO IGNI LIMPEZ PREV ELÉTR | J37: =LEN(I37) -> 35 | K37: =VLOOKUP(F37,'Cod Planos'!$A:$G,2,FALSE) -> REP PREVENT MANUT SIST-P 1P1 | L37: =VLOOKUP(F37,'Cod Planos'!$A:$G,4,FALSE) -> 1 | M37: =VLOOKUP(F37,'Cod Planos'!$A:$G,5,FALSE) -> PRD | N37: =VLOOKUP(F37,'Cod Planos'!$A:$G,6,FALSE) -> PARADA | O37: =VLOOKUP(F37,'Cod Planos'!$A:$G,7,FALSE) -> 100 | P37: 1 | Q37: =I37 -> SOPRAD FORNO IGNI LIMPEZ PREV ELÉTR | R37: CR01
A38: 10380852 | B38: 041 | C38: R55E-041 | D38: P | E38: 0 | F38: URRST3STP008 | G38: 34 | I38: SOPRAD FORNO IGNI PREVENT MOTOR | J38: =LEN(I38) -> 31 | K38: =VLOOKUP(F38,'Cod Planos'!$A:$G,2,FALSE) -> REP PREVENT MANUT SIST-P 6P2 | L38: =VLOOKUP(F38,'Cod Planos'!$A:$G,4,FALSE) -> 6 | M38: =VLOOKUP(F38,'Cod Planos'!$A:$G,5,FALSE) -> PRD | N38: =VLOOKUP(F38,'Cod Planos'!$A:$G,6,FALSE) -> 6 PARADAS | O38: =VLOOKUP(F38,'Cod Planos'!$A:$G,7,FALSE) -> 65 | P38: 2 | Q38: =I38 -> SOPRAD FORNO IGNI PREVENT MOTOR | R38: CR01
A39: US01-RD-SINT3-SISTP-PREPA-FORNO-SCB | B39: 041 | C39: R55E-041 | D39: P | E39: 0 | F39: URRST3STP005 | G39: 35 | I39: SOPRAD FORNO IGNI PREVENT ELÉTR | J39: =LEN(I39) -> 31 | K39: =VLOOKUP(F39,'Cod Planos'!$A:$G,2,FALSE) -> REP PREVENT MANUT SIST-P 3P2 | L39: =VLOOKUP(F39,'Cod Planos'!$A:$G,4,FALSE) -> 3 | M39: =VLOOKUP(F39,'Cod Planos'!$A:$G,5,FALSE) -> PRD | N39: =VLOOKUP(F39,'Cod Planos'!$A:$G,6,FALSE) -> 3 PARADAS | O39: =VLOOKUP(F39,'Cod Planos'!$A:$G,7,FALSE) -> 35 | P39: 2 | Q39: =I39 -> SOPRAD FORNO IGNI PREVENT ELÉTR | R39: CR01
A40: US01-RD-SINT3-SISTF-TRANS-F_209-SCT | B40: 041 | C40: R55E-041 | D40: P | E40: 0 | F40: URRST3STF005 | G40: 36 | I40: F209 MANUT PREVENTIVA ELÉTRICA | J40: =LEN(I40) -> 31 | K40: =VLOOKUP(F40,'Cod Planos'!$A:$G,2,FALSE) -> REP PREVENT MANUT SIST-F 3P2 | L40: =VLOOKUP(F40,'Cod Planos'!$A:$G,4,FALSE) -> 3 | M40: =VLOOKUP(F40,'Cod Planos'!$A:$G,5,FALSE) -> PRD | N40: =VLOOKUP(F40,'Cod Planos'!$A:$G,6,FALSE) -> 3 PARADAS | O40: =VLOOKUP(F40,'Cod Planos'!$A:$G,7,FALSE) -> 35 | P40: 2 | Q40: =I40 -> F209 MANUT PREVENTIVA ELÉTRICA | R40: CR01
A41: 10367656 | B41: 041 | C41: R55E-041 | D41: P | E41: 0 | F41: URRST3STP008 | G41: 37 | I41: F209 PREVENTIVA MOTOR ELÉTRICO | J41: =LEN(I41) -> 30 | K41: =VLOOKUP(F41,'Cod Planos'!$A:$G,2,FALSE) -> REP PREVENT MANUT SIST-P 6P2 | L41: =VLOOKUP(F41,'Cod Planos'!$A:$G,4,FALSE) -> 6 | M41: =VLOOKUP(F41,'Cod Planos'!$A:$G,5,FALSE) -> PRD | N41: =VLOOKUP(F41,'Cod Planos'!$A:$G,6,FALSE) -> 6 PARADAS | O41: =VLOOKUP(F41,'Cod Planos'!$A:$G,7,FALSE) -> 65 | P41: 2 | Q41: =I41 -> F209 PREVENTIVA MOTOR ELÉTRICO | R41: CR01
A42: US01-RD-SINT3-SISTF-TRANS-F_209-SCT | B42: 041 | C42: R55E-041 | D42: P | E42: 0 | F42: URRST3STF001 | G42: 38 | I42: F209 LIMPEZA PREVENTIVA ELÉTRICA | J42: =LEN(I42) -> 33 | K42: =VLOOKUP(F42,'Cod Planos'!$A:$G,2,FALSE) -> REP PREVENT MANUT SIST-F 1P1 | L42: =VLOOKUP(F42,'Cod Planos'!$A:$G,4,FALSE) -> 1 | M42: =VLOOKUP(F42,'Cod Planos'!$A:$G,5,FALSE) -> PRD | N42: =VLOOKUP(F42,'Cod Planos'!$A:$G,6,FALSE) -> PARADA | O42: =VLOOKUP(F42,'Cod Planos'!$A:$G,7,FALSE) -> 100 | P42: 1 | Q42: =I42 -> F209 LIMPEZA PREVENTIVA ELÉTRICA | R42: CR01
A43: US01-RD-SINT3-SISTP-PRODU-LBPVQ-SCT | B43: 041 | C43: R55E-041 | D43: P | E43: 0 | F43: URRST3STP001 | G43: 39 | I43: SIST LUB PVQ LIMPEZ PREV ELÉTRICA | J43: =LEN(I43) -> 33 | K43: =VLOOKUP(F43,'Cod Planos'!$A:$G,2,FALSE) -> REP PREVENT MANUT SIST-P 1P1 | L43: =VLOOKUP(F43,'Cod Planos'!$A:$G,4,FALSE) -> 1 | M43: =VLOOKUP(F43,'Cod Planos'!$A:$G,5,FALSE) -> PRD | N43: =VLOOKUP(F43,'Cod Planos'!$A:$G,6,FALSE) -> PARADA | O43: =VLOOKUP(F43,'Cod Planos'!$A:$G,7,FALSE) -> 100 | P43: 1 | Q43: =I43 -> SIST LUB PVQ LIMPEZ PREV ELÉTRICA | R43: CR01
A44: US01-RD-SINT3-SISTP-PRODU-LBPVQ-SAC | B44: 041 | C44: R55E-041 | D44: P | E44: 0 | F44: URRST3STP008 | G44: 40 | I44: SIST LUB PVQ IGNI PREVENT MOTOR | J44: =LEN(I44) -> 31 | K44: =VLOOKUP(F44,'Cod Planos'!$A:$G,2,FALSE) -> REP PREVENT MANUT SIST-P 6P2 | L44: =VLOOKUP(F44,'Cod Planos'!$A:$G,4,FALSE) -> 6 | M44: =VLOOKUP(F44,'Cod Planos'!$A:$G,5,FALSE) -> PRD | N44: =VLOOKUP(F44,'Cod Planos'!$A:$G,6,FALSE) -> 6 PARADAS | O44: =VLOOKUP(F44,'Cod Planos'!$A:$G,7,FALSE) -> 65 | P44: 2 | Q44: =I44 -> SIST LUB PVQ IGNI PREVENT MOTOR | R44: CR01
A45: US01-RD-SINT3-SISTP-PRODU-LBPVQ-SCT | B45: 041 | C45: R55E-041 | D45: P | E45: 0 | F45: URRST3STP005 | G45: 41 | I45: SIST LUB PVQ PREVENTIVA ELÉTRICA | J45: =LEN(I45) -> 32 | K45: =VLOOKUP(F45,'Cod Planos'!$A:$G,2,FALSE) -> REP PREVENT MANUT SIST-P 3P2 | L45: =VLOOKUP(F45,'Cod Planos'!$A:$G,4,FALSE) -> 3 | M45: =VLOOKUP(F45,'Cod Planos'!$A:$G,5,FALSE) -> PRD | N45: =VLOOKUP(F45,'Cod Planos'!$A:$G,6,FALSE) -> 3 PARADAS | O45: =VLOOKUP(F45,'Cod Planos'!$A:$G,7,FALSE) -> 35 | P45: 2 | Q45: =I45 -> SIST LUB PVQ PREVENTIVA ELÉTRICA | R45: CR01
A46: US01-RD-SINT3-SISTE-PREPA-RESFR-SCT | B46: 041 | C46: R55E-041 | D46: P | E46: 0 | F46: URRST3STE001 | G46: 42 | I46: RESFRIADOR LIMPEZ PREV ELÉTRICA | J46: =LEN(I46) -> 31 | K46: =VLOOKUP(F46,'Cod Planos'!$A:$G,2,FALSE) -> REP PREVENT MANUT SIST-E 1P1 | L46: =VLOOKUP(F46,'Cod Planos'!$A:$G,4,FALSE) -> 1 | M46: =VLOOKUP(F46,'Cod Planos'!$A:$G,5,FALSE) -> PRD | N46: =VLOOKUP(F46,'Cod Planos'!$A:$G,6,FALSE) -> PARADA | O46: =VLOOKUP(F46,'Cod Planos'!$A:$G,7,FALSE) -> 100 | P46: 1 | Q46: =I46 -> RESFRIADOR LIMPEZ PREV ELÉTRICA | R46: CR01
A47: US01-RD-SINT3-SISTE-PREPA-RESFR-SAC | B47: 041 | C47: R55E-041 | D47: P | E47: 0 | F47: URRST3STE008 | G47: 43 | I47: RESFRIADOR PREVENTIVA MOTORES | J47: =LEN(I47) -> 29 | K47: =VLOOKUP(F47,'Cod Planos'!$A:$G,2,FALSE) -> REP PREVENT MANUT SIST-E 6P2 | L47: =VLOOKUP(F47,'Cod Planos'!$A:$G,4,FALSE) -> 6 | M47: =VLOOKUP(F47,'Cod Planos'!$A:$G,5,FALSE) -> PRD | N47: =VLOOKUP(F47,'Cod Planos'!$A:$G,6,FALSE) -> 6 PARADAS | O47: =VLOOKUP(F47,'Cod Planos'!$A:$G,7,FALSE) -> 65 | P47: 6 | Q47: =I47 -> RESFRIADOR PREVENTIVA MOTORES | R47: CR01
A48: US01-RD-SINT3-SISTE-PREPA-RESFR-SCT | B48: 041 | C48: R55E-041 | D48: P | E48: 0 | F48: URRST3STE005 | G48: 44 | I48: RESFRIADOR PREVENTIVA ELÉTRICA | J48: =LEN(I48) -> 30 | K48: =VLOOKUP(F48,'Cod Planos'!$A:$G,2,FALSE) -> REP PREVENT MANUT SIST-E 3P2 | L48: =VLOOKUP(F48,'Cod Planos'!$A:$G,4,FALSE) -> 3 | M48: =VLOOKUP(F48,'Cod Planos'!$A:$G,5,FALSE) -> PRD | N48: =VLOOKUP(F48,'Cod Planos'!$A:$G,6,FALSE) -> 3 PARADAS | O48: =VLOOKUP(F48,'Cod Planos'!$A:$G,7,FALSE) -> 35 | P48: 2 | Q48: =I48 -> RESFRIADOR PREVENTIVA ELÉTRICA | R48: CR01
A49: US01-RD-SINT3-SISTE-PREPA-RESFR-SRF | B49: 041 | C49: R55E-041 | D49: P | E49: 0 | F49: URRST3STE001 | G49: 45 | I49: COOLER FAN LIMPEZ PREV ELÉTRICA | J49: =LEN(I49) -> 31 | K49: =VLOOKUP(F49,'Cod Planos'!$A:$G,2,FALSE) -> REP PREVENT MANUT SIST-E 1P1 | L49: =VLOOKUP(F49,'Cod Planos'!$A:$G,4,FALSE) -> 1 | M49: =VLOOKUP(F49,'Cod Planos'!$A:$G,5,FALSE) -> PRD | N49: =VLOOKUP(F49,'Cod Planos'!$A:$G,6,FALSE) -> PARADA | O49: =VLOOKUP(F49,'Cod Planos'!$A:$G,7,FALSE) -> 100 | P49: 1 | Q49: =I49 -> COOLER FAN LIMPEZ PREV ELÉTRICA | R49: CR01
A50: 10380776 | B50: 041 | C50: R55E-041 | D50: P | E50: 0 | F50: URRST3STE009 | G50: 46 | I50: COOLER FAN PREVENTIVA MOTOR | J50: =LEN(I50) -> 27 | K50: =VLOOKUP(F50,'Cod Planos'!$A:$G,2,FALSE) -> REP PREVENT MANUT SIST-E 6P3 | L50: =VLOOKUP(F50,'Cod Planos'!$A:$G,4,FALSE) -> 6 | M50: =VLOOKUP(F50,'Cod Planos'!$A:$G,5,FALSE) -> PRD | N50: =VLOOKUP(F50,'Cod Planos'!$A:$G,6,FALSE) -> 6 PARADAS | O50: =VLOOKUP(F50,'Cod Planos'!$A:$G,7,FALSE) -> 65 | P50: 4 | Q50: =I50 -> COOLER FAN PREVENTIVA MOTOR | R50: CR01
A51: US01-RD-SINT3-SISTE-PREPA-RESFR-SRF | B51: 041 | C51: R55E-041 | D51: P | E51: 0 | F51: URRST3STE005 | G51: 47 | I51: COOLER FAN PREVENTIVA ELÉTRICA | J51: =LEN(I51) -> 30 | K51: =VLOOKUP(F51,'Cod Planos'!$A:$G,2,FALSE) -> REP PREVENT MANUT SIST-E 3P2 | L51: =VLOOKUP(F51,'Cod Planos'!$A:$G,4,FALSE) -> 3 | M51: =VLOOKUP(F51,'Cod Planos'!$A:$G,5,FALSE) -> PRD | N51: =VLOOKUP(F51,'Cod Planos'!$A:$G,6,FALSE) -> 3 PARADAS | O51: =VLOOKUP(F51,'Cod Planos'!$A:$G,7,FALSE) -> 35 | P51: 2 | Q51: =I51 -> COOLER FAN PREVENTIVA ELÉTRICA | R51: CR01
A52: US01-RD-SINT3-SISTE-PREPA-RESFR-HID | B52: 041 | C52: R55E-041 | D52: P | E52: 0 | F52: URRST3STE001 | G52: 48 | I52: UN HIDR RASP LIMPEZ PREV ELÉTRICA | J52: =LEN(I52) -> 33 | K52: =VLOOKUP(F52,'Cod Planos'!$A:$G,2,FALSE) -> REP PREVENT MANUT SIST-E 1P1 | L52: =VLOOKUP(F52,'Cod Planos'!$A:$G,4,FALSE) -> 1 | M52: =VLOOKUP(F52,'Cod Planos'!$A:$G,5,FALSE) -> PRD | N52: =VLOOKUP(F52,'Cod Planos'!$A:$G,6,FALSE) -> PARADA | O52: =VLOOKUP(F52,'Cod Planos'!$A:$G,7,FALSE) -> 100 | P52: 1 | Q52: =I52 -> UN HIDR RASP LIMPEZ PREV ELÉTRICA | R52: CR01
A53: US01-RD-SINT3-SISTE-PREPA-RESFR-HID | B53: 041 | C53: R55E-041 | D53: P | E53: 0 | F53: URRST3STE009 | G53: 49 | I53: UN HIDR RASP PREVENTIVA MOTOR | J53: =LEN(I53) -> 29 | K53: =VLOOKUP(F53,'Cod Planos'!$A:$G,2,FALSE) -> REP PREVENT MANUT SIST-E 6P3 | L53: =VLOOKUP(F53,'Cod Planos'!$A:$G,4,FALSE) -> 6 | M53: =VLOOKUP(F53,'Cod Planos'!$A:$G,5,FALSE) -> PRD | N53: =VLOOKUP(F53,'Cod Planos'!$A:$G,6,FALSE) -> 6 PARADAS | O53: =VLOOKUP(F53,'Cod Planos'!$A:$G,7,FALSE) -> 65 | P53: 2 | Q53: =I53 -> UN HIDR RASP PREVENTIVA MOTOR | R53: CR01
A54: US01-RD-SINT3-SISTE-PREPA-RESFR-HID | B54: 041 | C54: R55E-041 | D54: P | E54: 1 | F54: URRST3STE005 | G54: 50 | I54: UN HIDR RASP PREVENTIVA ELÉTRICA | J54: =LEN(I54) -> 32 | K54: =VLOOKUP(F54,'Cod Planos'!$A:$G,2,FALSE) -> REP PREVENT MANUT SIST-E 3P2 | L54: =VLOOKUP(F54,'Cod Planos'!$A:$G,4,FALSE) -> 3 | M54: =VLOOKUP(F54,'Cod Planos'!$A:$G,5,FALSE) -> PRD | N54: =VLOOKUP(F54,'Cod Planos'!$A:$G,6,FALSE) -> 3 PARADAS | O54: =VLOOKUP(F54,'Cod Planos'!$A:$G,7,FALSE) -> 35 | P54: 0 | Q54: =I54 -> UN HIDR RASP PREVENTIVA ELÉTRICA | R54: CR02
A55: US01-RD-SINT3-SISTE-PREPA-RESFR-SCT | B55: 041 | C55: R55E-041 | D55: P | E55: 0 | F55: URRST3STE005 | G55: 51 | I55: RASPADOR PREVENTIVA ELÉTRICA | J55: =LEN(I55) -> 28 | K55: =VLOOKUP(F55,'Cod Planos'!$A:$G,2,FALSE) -> REP PREVENT MANUT SIST-E 3P2 | L55: =VLOOKUP(F55,'Cod Planos'!$A:$G,4,FALSE) -> 3 | M55: =VLOOKUP(F55,'Cod Planos'!$A:$G,5,FALSE) -> PRD | N55: =VLOOKUP(F55,'Cod Planos'!$A:$G,6,FALSE) -> 3 PARADAS | O55: =VLOOKUP(F55,'Cod Planos'!$A:$G,7,FALSE) -> 35 | P55: 2 | Q55: =I55 -> RASPADOR PREVENTIVA ELÉTRICA | R55: CR01
A56: US01-RD-SINT3-SISTE-TRANS-E_201-SCT | B56: 041 | C56: R55E-041 | D56: P | E56: 0 | F56: URRST3STE005 | G56: 52 | I56: E201 MANUT PREVENTIVA ELÉTRICA | J56: =LEN(I56) -> 31 | K56: =VLOOKUP(F56,'Cod Planos'!$A:$G,2,FALSE) -> REP PREVENT MANUT SIST-E 3P2 | L56: =VLOOKUP(F56,'Cod Planos'!$A:$G,4,FALSE) -> 3 | M56: =VLOOKUP(F56,'Cod Planos'!$A:$G,5,FALSE) -> PRD | N56: =VLOOKUP(F56,'Cod Planos'!$A:$G,6,FALSE) -> 3 PARADAS | O56: =VLOOKUP(F56,'Cod Planos'!$A:$G,7,FALSE) -> 35 | P56: 2 | Q56: =I56 -> E201 MANUT PREVENTIVA ELÉTRICA | R56: CR01
A57: 10361983 | B57: 041 | C57: R55E-041 | D57: P | E57: 0 | F57: URRST3STE009 | G57: 53 | I57: E201 PREVENTIVA MOTOR ELÉTRICO | J57: =LEN(I57) -> 30 | K57: =VLOOKUP(F57,'Cod Planos'!$A:$G,2,FALSE) -> REP PREVENT MANUT SIST-E 6P3 | L57: =VLOOKUP(F57,'Cod Planos'!$A:$G,4,FALSE) -> 6 | M57: =VLOOKUP(F57,'Cod Planos'!$A:$G,5,FALSE) -> PRD | N57: =VLOOKUP(F57,'Cod Planos'!$A:$G,6,FALSE) -> 6 PARADAS | O57: =VLOOKUP(F57,'Cod Planos'!$A:$G,7,FALSE) -> 65 | P57: 2 | Q57: =I57 -> E201 PREVENTIVA MOTOR ELÉTRICO | R57: CR01
A58: US01-RD-SINT3-SISTE-TRANS-E_201-SCT | B58: 041 | C58: R55E-041 | D58: P | E58: 0 | F58: URRST3STE001 | G58: 54 | I58: E201 LIMPEZA PREVENTIVA ELÉTRICA | J58: =LEN(I58) -> 33 | K58: =VLOOKUP(F58,'Cod Planos'!$A:$G,2,FALSE) -> REP PREVENT MANUT SIST-E 1P1 | L58: =VLOOKUP(F58,'Cod Planos'!$A:$G,4,FALSE) -> 1 | M58: =VLOOKUP(F58,'Cod Planos'!$A:$G,5,FALSE) -> PRD | N58: =VLOOKUP(F58,'Cod Planos'!$A:$G,6,FALSE) -> PARADA | O58: =VLOOKUP(F58,'Cod Planos'!$A:$G,7,FALSE) -> 100 | P58: 1 | Q58: =I58 -> E201 LIMPEZA PREVENTIVA ELÉTRICA | R58: CR01
A59: US01-RD-SINT3-SISTE-TRANS-E_209-SCT | B59: 041 | C59: R55E-041 | D59: P | E59: 0 | F59: URRST3STE005 | G59: 55 | I59: E209 MANUT PREVENTIVA ELÉTRICA | J59: =LEN(I59) -> 31 | K59: =VLOOKUP(F59,'Cod Planos'!$A:$G,2,FALSE) -> REP PREVENT MANUT SIST-E 3P2 | L59: =VLOOKUP(F59,'Cod Planos'!$A:$G,4,FALSE) -> 3 | M59: =VLOOKUP(F59,'Cod Planos'!$A:$G,5,FALSE) -> PRD | N59: =VLOOKUP(F59,'Cod Planos'!$A:$G,6,FALSE) -> 3 PARADAS | O59: =VLOOKUP(F59,'Cod Planos'!$A:$G,7,FALSE) -> 35 | P59: 2 | Q59: =I59 -> E209 MANUT PREVENTIVA ELÉTRICA | R59: CR01
A60: 10362061 | B60: 041 | C60: R55E-041 | D60: P | E60: 0 | F60: URRST3STE009 | G60: 56 | I60: E209 PREVENTIVA MOTOR ELÉTRICO | J60: =LEN(I60) -> 30 | K60: =VLOOKUP(F60,'Cod Planos'!$A:$G,2,FALSE) -> REP PREVENT MANUT SIST-E 6P3 | L60: =VLOOKUP(F60,'Cod Planos'!$A:$G,4,FALSE) -> 6 | M60: =VLOOKUP(F60,'Cod Planos'!$A:$G,5,FALSE) -> PRD | N60: =VLOOKUP(F60,'Cod Planos'!$A:$G,6,FALSE) -> 6 PARADAS | O60: =VLOOKUP(F60,'Cod Planos'!$A:$G,7,FALSE) -> 65 | P60: 2 | Q60: =I60 -> E209 PREVENTIVA MOTOR ELÉTRICO | R60: CR01
A61: US01-RD-SINT3-SISTE-TRANS-E_209-SCT | B61: 041 | C61: R55E-041 | D61: P | E61: 0 | F61: URRST3STE001 | G61: 57 | I61: E209 LIMPEZA PREVENTIVA ELÉTRICA | J61: =LEN(I61) -> 33 | K61: =VLOOKUP(F61,'Cod Planos'!$A:$G,2,FALSE) -> REP PREVENT MANUT SIST-E 1P1 | L61: =VLOOKUP(F61,'Cod Planos'!$A:$G,4,FALSE) -> 1 | M61: =VLOOKUP(F61,'Cod Planos'!$A:$G,5,FALSE) -> PRD | N61: =VLOOKUP(F61,'Cod Planos'!$A:$G,6,FALSE) -> PARADA | O61: =VLOOKUP(F61,'Cod Planos'!$A:$G,7,FALSE) -> 100 | P61: 1 | Q61: =I61 -> E209 LIMPEZA PREVENTIVA ELÉTRICA | R61: CR01
A62: US01-RD-SINT3-SISTE-TRANS-E_208-SCT | B62: 041 | C62: R55E-041 | D62: P | E62: 0 | F62: URRST3STE005 | G62: 58 | I62: E208 MANUT PREVENTIVA ELÉTRICA | J62: =LEN(I62) -> 31 | K62: =VLOOKUP(F62,'Cod Planos'!$A:$G,2,FALSE) -> REP PREVENT MANUT SIST-E 3P2 | L62: =VLOOKUP(F62,'Cod Planos'!$A:$G,4,FALSE) -> 3 | M62: =VLOOKUP(F62,'Cod Planos'!$A:$G,5,FALSE) -> PRD | N62: =VLOOKUP(F62,'Cod Planos'!$A:$G,6,FALSE) -> 3 PARADAS | O62: =VLOOKUP(F62,'Cod Planos'!$A:$G,7,FALSE) -> 35 | P62: 2 | Q62: =I62 -> E208 MANUT PREVENTIVA ELÉTRICA | R62: CR01
A63: 10362049 | B63: 041 | C63: R55E-041 | D63: P | E63: 0 | F63: URRST3STE009 | G63: 59 | I63: E208 PREVENTIVA MOTOR ELÉTRICO | J63: =LEN(I63) -> 30 | K63: =VLOOKUP(F63,'Cod Planos'!$A:$G,2,FALSE) -> REP PREVENT MANUT SIST-E 6P3 | L63: =VLOOKUP(F63,'Cod Planos'!$A:$G,4,FALSE) -> 6 | M63: =VLOOKUP(F63,'Cod Planos'!$A:$G,5,FALSE) -> PRD | N63: =VLOOKUP(F63,'Cod Planos'!$A:$G,6,FALSE) -> 6 PARADAS | O63: =VLOOKUP(F63,'Cod Planos'!$A:$G,7,FALSE) -> 65 | P63: 2 | Q63: =I63 -> E208 PREVENTIVA MOTOR ELÉTRICO | R63: CR01
A64: US01-RD-SINT3-SISTE-TRANS-E_208-SCT | B64: 041 | C64: R55E-041 | D64: P | E64: 0 | F64: URRST3STE001 | G64: 60 | I64: E208 LIMPEZA PREVENTIVA ELÉTRICA | J64: =LEN(I64) -> 33 | K64: =VLOOKUP(F64,'Cod Planos'!$A:$G,2,FALSE) -> REP PREVENT MANUT SIST-E 1P1 | L64: =VLOOKUP(F64,'Cod Planos'!$A:$G,4,FALSE) -> 1 | M64: =VLOOKUP(F64,'Cod Planos'!$A:$G,5,FALSE) -> PRD | N64: =VLOOKUP(F64,'Cod Planos'!$A:$G,6,FALSE) -> PARADA | O64: =VLOOKUP(F64,'Cod Planos'!$A:$G,7,FALSE) -> 100 | P64: 1 | Q64: =I64 -> E208 LIMPEZA PREVENTIVA ELÉTRICA | R64: CR01
A65: US01-RD-SINT3-SISTE-TRANS-E207B-SCT | B65: 041 | C65: R55E-041 | D65: P | E65: 0 | F65: URRST3STE005 | G65: 61 | I65: AMOST E207B MANUT PREVENT ELÉTRICA | J65: =LEN(I65) -> 35 | K65: =VLOOKUP(F65,'Cod Planos'!$A:$G,2,FALSE) -> REP PREVENT MANUT SIST-E 3P2 | L65: =VLOOKUP(F65,'Cod Planos'!$A:$G,4,FALSE) -> 3 | M65: =VLOOKUP(F65,'Cod Planos'!$A:$G,5,FALSE) -> PRD | N65: =VLOOKUP(F65,'Cod Planos'!$A:$G,6,FALSE) -> 3 PARADAS | O65: =VLOOKUP(F65,'Cod Planos'!$A:$G,7,FALSE) -> 35 | P65: 2 | Q65: =I65 -> AMOST E207B MANUT PREVENT ELÉTRICA | R65: CR01
A66: US01-RD-SINT3-SISTE-TRANS-E207B-SAC | B66: 041 | C66: R55E-041 | D66: P | E66: 0 | F66: URRST3STE009 | G66: 62 | I66: AMOST E207B PREVENT MOTORES ELÉTRIC | J66: =LEN(I66) -> 35 | K66: =VLOOKUP(F66,'Cod Planos'!$A:$G,2,FALSE) -> REP PREVENT MANUT SIST-E 6P3 | L66: =VLOOKUP(F66,'Cod Planos'!$A:$G,4,FALSE) -> 6 | M66: =VLOOKUP(F66,'Cod Planos'!$A:$G,5,FALSE) -> PRD | N66: =VLOOKUP(F66,'Cod Planos'!$A:$G,6,FALSE) -> 6 PARADAS | O66: =VLOOKUP(F66,'Cod Planos'!$A:$G,7,FALSE) -> 65 | P66: 4 | Q66: =I66 -> AMOST E207B PREVENT MOTORES ELÉTRIC | R66: CR01
A67: US01-RD-SINT3-SISTE-TRANS-E207B-SCT | B67: 041 | C67: R55E-041 | D67: P | E67: 0 | F67: URRST3STE001 | G67: 63 | I67: AMOST E207B LIMPEZA PREVENT ELÉTRIC | J67: =LEN(I67) -> 35 | K67: =VLOOKUP(F67,'Cod Planos'!$A:$G,2,FALSE) -> REP PREVENT MANUT SIST-E 1P1 | L67: =VLOOKUP(F67,'Cod Planos'!$A:$G,4,FALSE) -> 1 | M67: =VLOOKUP(F67,'Cod Planos'!$A:$G,5,FALSE) -> PRD | N67: =VLOOKUP(F67,'Cod Planos'!$A:$G,6,FALSE) -> PARADA | O67: =VLOOKUP(F67,'Cod Planos'!$A:$G,7,FALSE) -> 100 | P67: 1 | Q67: =I67 -> AMOST E207B LIMPEZA PREVENT ELÉTRIC | R67: CR01
A68: US01-RD-SINT3-SISTE-TRANS-E207B-SCT | B68: 041 | C68: R55E-041 | D68: P | E68: 0 | F68: URRST3STE005 | G68: 64 | I68: E207B MANUT PREVENTIVA ELÉTRICA | J68: =LEN(I68) -> 32 | K68: =VLOOKUP(F68,'Cod Planos'!$A:$G,2,FALSE) -> REP PREVENT MANUT SIST-E 3P2 | L68: =VLOOKUP(F68,'Cod Planos'!$A:$G,4,FALSE) -> 3 | M68: =VLOOKUP(F68,'Cod Planos'!$A:$G,5,FALSE) -> PRD | N68: =VLOOKUP(F68,'Cod Planos'!$A:$G,6,FALSE) -> 3 PARADAS | O68: =VLOOKUP(F68,'Cod Planos'!$A:$G,7,FALSE) -> 35 | P68: 2 | Q68: =I68 -> E207B MANUT PREVENTIVA ELÉTRICA | R68: CR01
A69: 10362019 | B69: 041 | C69: R55E-041 | D69: P | E69: 0 | F69: URRST3STE010 | G69: 65 | I69: E207B PREVENTIVA MOTOR ELÉTRICO | J69: =LEN(I69) -> 31 | K69: =VLOOKUP(F69,'Cod Planos'!$A:$G,2,FALSE) -> REP PREVENT MANUT SIST-E 6P4 | L69: =VLOOKUP(F69,'Cod Planos'!$A:$G,4,FALSE) -> 6 | M69: =VLOOKUP(F69,'Cod Planos'!$A:$G,5,FALSE) -> PRD | N69: =VLOOKUP(F69,'Cod Planos'!$A:$G,6,FALSE) -> 6 PARADAS | O69: =VLOOKUP(F69,'Cod Planos'!$A:$G,7,FALSE) -> 65 | P69: 2 | Q69: =I69 -> E207B PREVENTIVA MOTOR ELÉTRICO | R69: CR01
A70: US01-RD-SINT3-SISTE-TRANS-E207B-SCT | B70: 041 | C70: R55E-041 | D70: P | E70: 0 | F70: URRST3STE001 | G70: 66 | I70: E207B LIMPEZA PREVENTIVA ELÉTRICA | J70: =LEN(I70) -> 34 | K70: =VLOOKUP(F70,'Cod Planos'!$A:$G,2,FALSE) -> REP PREVENT MANUT SIST-E 1P1 | L70: =VLOOKUP(F70,'Cod Planos'!$A:$G,4,FALSE) -> 1 | M70: =VLOOKUP(F70,'Cod Planos'!$A:$G,5,FALSE) -> PRD | N70: =VLOOKUP(F70,'Cod Planos'!$A:$G,6,FALSE) -> PARADA | O70: =VLOOKUP(F70,'Cod Planos'!$A:$G,7,FALSE) -> 100 | P70: 1 | Q70: =I70 -> E207B LIMPEZA PREVENTIVA ELÉTRICA | R70: CR01
A71: US01-RD-SINT3-SISTE-TRANS-E207A-SCT | B71: 041 | C71: R55E-041 | D71: P | E71: 0 | F71: URRST3STE005 | G71: 67 | I71: E207A MANUT PREVENTIVA ELÉTRICA | J71: =LEN(I71) -> 32 | K71: =VLOOKUP(F71,'Cod Planos'!$A:$G,2,FALSE) -> REP PREVENT MANUT SIST-E 3P2 | L71: =VLOOKUP(F71,'Cod Planos'!$A:$G,4,FALSE) -> 3 | M71: =VLOOKUP(F71,'Cod Planos'!$A:$G,5,FALSE) -> PRD | N71: =VLOOKUP(F71,'Cod Planos'!$A:$G,6,FALSE) -> 3 PARADAS | O71: =VLOOKUP(F71,'Cod Planos'!$A:$G,7,FALSE) -> 35 | P71: 2 | Q71: =I71 -> E207A MANUT PREVENTIVA ELÉTRICA | R71: CR01
A72: 10362040 | B72: 041 | C72: R55E-041 | D72: P | E72: 0 | F72: URRST3STE010 | G72: 68 | I72: E207A PREVENTIVA MOTOR ELÉTRICO | J72: =LEN(I72) -> 31 | K72: =VLOOKUP(F72,'Cod Planos'!$A:$G,2,FALSE) -> REP PREVENT MANUT SIST-E 6P4 | L72: =VLOOKUP(F72,'Cod Planos'!$A:$G,4,FALSE) -> 6 | M72: =VLOOKUP(F72,'Cod Planos'!$A:$G,5,FALSE) -> PRD | N72: =VLOOKUP(F72,'Cod Planos'!$A:$G,6,FALSE) -> 6 PARADAS | O72: =VLOOKUP(F72,'Cod Planos'!$A:$G,7,FALSE) -> 65 | P72: 2 | Q72: =I72 -> E207A PREVENTIVA MOTOR ELÉTRICO | R72: CR01
A73: US01-RD-SINT3-SISTE-TRANS-E207A-SCT | B73: 041 | C73: R55E-041 | D73: P | E73: 0 | F73: URRST3STE001 | G73: 69 | I73: E207A LIMPEZA PREVENTIVA ELÉTRICA | J73: =LEN(I73) -> 34 | K73: =VLOOKUP(F73,'Cod Planos'!$A:$G,2,FALSE) -> REP PREVENT MANUT SIST-E 1P1 | L73: =VLOOKUP(F73,'Cod Planos'!$A:$G,4,FALSE) -> 1 | M73: =VLOOKUP(F73,'Cod Planos'!$A:$G,5,FALSE) -> PRD | N73: =VLOOKUP(F73,'Cod Planos'!$A:$G,6,FALSE) -> PARADA | O73: =VLOOKUP(F73,'Cod Planos'!$A:$G,7,FALSE) -> 100 | P73: 1 | Q73: =I73 -> E207A LIMPEZA PREVENTIVA ELÉTRICA | R73: CR01
A74: US01-RD-SINT3-SISTE-TRANS-E_202-SCT | B74: 041 | C74: R55E-041 | D74: P | E74: 0 | F74: URRST3STE006 | G74: 70 | I74: E202 MANUT PREVENTIVA ELÉTRICA | J74: =LEN(I74) -> 31 | K74: =VLOOKUP(F74,'Cod Planos'!$A:$G,2,FALSE) -> REP PREVENT MANUT SIST-E 3P3 | L74: =VLOOKUP(F74,'Cod Planos'!$A:$G,4,FALSE) -> 3 | M74: =VLOOKUP(F74,'Cod Planos'!$A:$G,5,FALSE) -> PRD | N74: =VLOOKUP(F74,'Cod Planos'!$A:$G,6,FALSE) -> 3 PARADAS | O74: =VLOOKUP(F74,'Cod Planos'!$A:$G,7,FALSE) -> 35 | P74: 2 | Q74: =I74 -> E202 MANUT PREVENTIVA ELÉTRICA | R74: CR01
A75: 10361971 | B75: 041 | C75: R55E-041 | D75: P | E75: 0 | F75: URRST3STE010 | G75: 71 | I75: E202 PREVENTIVA MOTOR ELÉTRICO | J75: =LEN(I75) -> 30 | K75: =VLOOKUP(F75,'Cod Planos'!$A:$G,2,FALSE) -> REP PREVENT MANUT SIST-E 6P4 | L75: =VLOOKUP(F75,'Cod Planos'!$A:$G,4,FALSE) -> 6 | M75: =VLOOKUP(F75,'Cod Planos'!$A:$G,5,FALSE) -> PRD | N75: =VLOOKUP(F75,'Cod Planos'!$A:$G,6,FALSE) -> 6 PARADAS | O75: =VLOOKUP(F75,'Cod Planos'!$A:$G,7,FALSE) -> 65 | P75: 2 | Q75: =I75 -> E202 PREVENTIVA MOTOR ELÉTRICO | R75: CR01
A76: US01-RD-SINT3-SISTE-TRANS-E_202-SCT | B76: 041 | C76: R55E-041 | D76: P | E76: 0 | F76: URRST3STE001 | G76: 72 | I76: E202 LIMPEZA PREVENTIVA ELÉTRICA | J76: =LEN(I76) -> 33 | K76: =VLOOKUP(F76,'Cod Planos'!$A:$G,2,FALSE) -> REP PREVENT MANUT SIST-E 1P1 | L76: =VLOOKUP(F76,'Cod Planos'!$A:$G,4,FALSE) -> 1 | M76: =VLOOKUP(F76,'Cod Planos'!$A:$G,5,FALSE) -> PRD | N76: =VLOOKUP(F76,'Cod Planos'!$A:$G,6,FALSE) -> PARADA | O76: =VLOOKUP(F76,'Cod Planos'!$A:$G,7,FALSE) -> 100 | P76: 1 | Q76: =I76 -> E202 LIMPEZA PREVENTIVA ELÉTRICA | R76: CR01
A77: US01-RD-SINT3-SISTE-PREPA-PV-B1-SCT | B77: 041 | C77: R55E-041 | D77: P | E77: 0 | F77: URRST3STE006 | G77: 73 | I77: PV-B1 PREVENTIVA ELÉTRICA | J77: =LEN(I77) -> 25 | K77: =VLOOKUP(F77,'Cod Planos'!$A:$G,2,FALSE) -> REP PREVENT MANUT SIST-E 3P3 | L77: =VLOOKUP(F77,'Cod Planos'!$A:$G,4,FALSE) -> 3 | M77: =VLOOKUP(F77,'Cod Planos'!$A:$G,5,FALSE) -> PRD | N77: =VLOOKUP(F77,'Cod Planos'!$A:$G,6,FALSE) -> 3 PARADAS | O77: =VLOOKUP(F77,'Cod Planos'!$A:$G,7,FALSE) -> 35 | P77: 2 | Q77: =I77 -> PV-B1 PREVENTIVA ELÉTRICA | R77: CR01
A78: 10380750 | B78: 041 | C78: R55E-041 | D78: P | E78: 0 | F78: URRST3STE010 | G78: 74 | I78: PV-B1 PREVENTIVA MOTOR ACIONAMENTO | J78: =LEN(I78) -> 34 | K78: =VLOOKUP(F78,'Cod Planos'!$A:$G,2,FALSE) -> REP PREVENT MANUT SIST-E 6P4 | L78: =VLOOKUP(F78,'Cod Planos'!$A:$G,4,FALSE) -> 6 | M78: =VLOOKUP(F78,'Cod Planos'!$A:$G,5,FALSE) -> PRD | N78: =VLOOKUP(F78,'Cod Planos'!$A:$G,6,FALSE) -> 6 PARADAS | O78: =VLOOKUP(F78,'Cod Planos'!$A:$G,7,FALSE) -> 65 | P78: 2 | Q78: =I78 -> PV-B1 PREVENTIVA MOTOR ACIONAMENTO | R78: CR02
A79: US01-RD-SINT3-SISTE-PREPA-PV-B1-SCT | B79: 041 | C79: R55E-041 | D79: P | E79: 0 | F79: URRST3STE001 | G79: 75 | I79: PV-B1 LIMPEZA PREVENTIVA ELÉTRICA | J79: =LEN(I79) -> 33 | K79: =VLOOKUP(F79,'Cod Planos'!$A:$G,2,FALSE) -> REP PREVENT MANUT SIST-E 1P1 | L79: =VLOOKUP(F79,'Cod Planos'!$A:$G,4,FALSE) -> 1 | M79: =VLOOKUP(F79,'Cod Planos'!$A:$G,5,FALSE) -> PRD | N79: =VLOOKUP(F79,'Cod Planos'!$A:$G,6,FALSE) -> PARADA | O79: =VLOOKUP(F79,'Cod Planos'!$A:$G,7,FALSE) -> 100 | P79: 1 | Q79: =I79 -> PV-B1 LIMPEZA PREVENTIVA ELÉTRICA | R79: CR03
A80: US01-RD-SINT3-SISTE-PREPA-PV-B2-SCT | B80: 041 | C80: R55E-041 | D80: P | E80: 0 | F80: URRST3STE006 | G80: 76 | I80: PV-B2 PREVENTIVA ELÉTRICA | J80: =LEN(I80) -> 25 | K80: =VLOOKUP(F80,'Cod Planos'!$A:$G,2,FALSE) -> REP PREVENT MANUT SIST-E 3P3 | L80: =VLOOKUP(F80,'Cod Planos'!$A:$G,4,FALSE) -> 3 | M80: =VLOOKUP(F80,'Cod Planos'!$A:$G,5,FALSE) -> PRD | N80: =VLOOKUP(F80,'Cod Planos'!$A:$G,6,FALSE) -> 3 PARADAS | O80: =VLOOKUP(F80,'Cod Planos'!$A:$G,7,FALSE) -> 35 | P80: 2 | Q80: =I80 -> PV-B2 PREVENTIVA ELÉTRICA | R80: CR04
A81: 10380755 | B81: 041 | C81: R55E-041 | D81: P | E81: 0 | F81: URRST3STE010 | G81: 77 | I81: PV-B2 PREVENTIVA MOTOR ACIONAMENTO | J81: =LEN(I81) -> 34 | K81: =VLOOKUP(F81,'Cod Planos'!$A:$G,2,FALSE) -> REP PREVENT MANUT SIST-E 6P4 | L81: =VLOOKUP(F81,'Cod Planos'!$A:$G,4,FALSE) -> 6 | M81: =VLOOKUP(F81,'Cod Planos'!$A:$G,5,FALSE) -> PRD | N81: =VLOOKUP(F81,'Cod Planos'!$A:$G,6,FALSE) -> 6 PARADAS | O81: =VLOOKUP(F81,'Cod Planos'!$A:$G,7,FALSE) -> 65 | P81: 2 | Q81: =I81 -> PV-B2 PREVENTIVA MOTOR ACIONAMENTO | R81: CR05
